Name,lon,lat
aoi_1,2.1304911,41.3822118
aoi_1,2.1310061,41.3814712
aoi_1,2.1326798,41.3820186
aoi_1,2.1319931,41.38321
aoi_1,2.1329802,41.3838539
aoi_1,2.1333235,41.3844013
aoi_1,2.1328943,41.3848843
aoi_1,2.134053,41.3856893
aoi_1,2.1348684,41.3847233
aoi_1,2.1361988,41.3854639
aoi_1,2.1354263,41.3860435
aoi_1,2.1358126,41.3870094
aoi_1,2.1368425,41.3877821
aoi_1,2.1362846,41.3884261
aoi_1,2.1378296,41.3894564
aoi_1,2.1366709,41.3904545
aoi_1,2.128002,41.3882007
aoi_1,2.1275299,41.3854961
aoi_1,2.1287745,41.3858503
aoi_1,2.1294611,41.3857215
aoi_1,2.1299332,41.3845301
aoi_1,2.1290319,41.3840149
aoi_1,2.1293753,41.3830168
aoi_1,2.1299332,41.3827914
aoi_1,2.1304911,41.3822118
aoi_2,2.1446317,41.3932072
aoi_2,2.1449535,41.3929496
aoi_2,2.14549,41.3930784
aoi_2,2.1452969,41.3933198
aoi_2,2.1456831,41.3935935
aoi_2,2.1450608,41.3942374
aoi_2,2.1458762,41.3947847
aoi_2,2.1455973,41.39501
aoi_2,2.1465629,41.3956539
aoi_2,2.14549,41.3964265
aoi_2,2.1454685,41.3967163
aoi_2,2.1450823,41.397006
aoi_2,2.1449965,41.396829
aoi_2,2.1441167,41.3974084
aoi_2,2.1433013,41.3969094
aoi_2,2.1427434,41.3971509
aoi_2,2.1414989,41.39633
aoi_2,2.1417563,41.3960885
aoi_2,2.1413487,41.395831
aoi_2,2.1423357,41.3951066
aoi_2,2.1421855,41.394833
aoi_2,2.1428292,41.3946076
aoi_2,2.1423142,41.3941086
aoi_2,2.142679,41.3939476
aoi_2,2.1424001,41.3936579
aoi_2,2.1430223,41.3934003
aoi_2,2.1432584,41.3936579
aoi_2,2.1437519,41.3939637
aoi_2,2.1446317,41.3932072
aoi_3,2.1459191,41.3937384
aoi_3,2.1461337,41.3934325
aoi_3,2.1466916,41.3937867
aoi_3,2.1464985,41.3941408
aoi_3,2.1459191,41.3937384
aoi_4,2.1486013,41.394334
aoi_4,2.1488374,41.3939315
aoi_4,2.1495884,41.3941247
aoi_4,2.1498244,41.3943501
aoi_4,2.1495884,41.3945593
aoi_4,2.1496957,41.3947042
aoi_4,2.1492665,41.3948652
aoi_4,2.1488803,41.3945754
aoi_4,2.1486013,41.394334
aoi_5,2.1484511,41.3944305
aoi_5,2.1487301,41.394672
aoi_5,2.1484511,41.3948491
aoi_5,2.1481722,41.3946398
aoi_5,2.1484511,41.3944305
aoi_6,2.14814,41.3951147
aoi_6,2.1485906,41.3949215
aoi_6,2.1489125,41.3951147
aoi_6,2.1485477,41.3953722
aoi_6,2.14814,41.3951147
aoi_7,2.1505433,41.3966278
aoi_7,2.1505218,41.3962253
aoi_7,2.1509939,41.3959356
aoi_7,2.1514874,41.3955332
aoi_7,2.1518522,41.3953722
aoi_7,2.1522813,41.3956298
aoi_7,2.1520882,41.3953722
aoi_7,2.1523457,41.3949376
aoi_7,2.1535688,41.3952112
aoi_7,2.1532684,41.3957102
aoi_7,2.1535259,41.3958068
aoi_7,2.1530967,41.396177
aoi_7,2.1527105,41.3961127
aoi_7,2.1512728,41.3971428
aoi_7,2.1505433,41.3966278
aoi_8,2.1490984,41.3937242
aoi_8,2.1493559,41.393209
aoi_8,2.1496993,41.3933539
aoi_8,2.1499782,41.3932895
aoi_8,2.1512657,41.3921949
aoi_8,2.1519523,41.3926778
aoi_8,2.1518021,41.392871
aoi_8,2.1518236,41.3930964
aoi_8,2.1510726,41.3934827
aoi_8,2.1510082,41.3938046
aoi_8,2.1507721,41.3939495
aoi_8,2.1505361,41.3938207
aoi_8,2.1502142,41.3939978
aoi_8,2.1490984,41.3937242
aoi_9,2.1456223,41.3896675
aoi_9,2.1458798,41.3897802
aoi_9,2.145794,41.3900217
aoi_9,2.1454936,41.3901827
aoi_9,2.1453004,41.3899412
aoi_9,2.1456223,41.3896675
aoi_10,2.1527677,41.3945612
aoi_10,2.1527033,41.394368
aoi_10,2.1531754,41.3940783
aoi_10,2.1528321,41.3938851
aoi_10,2.1525102,41.3939495
aoi_10,2.1523171,41.3937242
aoi_10,2.1525746,41.3934827
aoi_10,2.1522742,41.3933539
aoi_10,2.1530467,41.3924203
aoi_10,2.1521669,41.3915993
aoi_10,2.1533256,41.3905046
aoi_10,2.1534544,41.3906334
aoi_10,2.1554285,41.3889753
aoi_10,2.1549993,41.3887821
aoi_10,2.154656,41.3890719
aoi_10,2.1543985,41.3888948
aoi_10,2.1543985,41.3885407
aoi_10,2.1534114,41.3878162
aoi_10,2.1539264,41.3873816
aoi_10,2.1547418,41.3879289
aoi_10,2.1549135,41.3877518
aoi_10,2.1547418,41.3876069
aoi_10,2.1553212,41.3873172
aoi_10,2.155407,41.3874782
aoi_10,2.1568876,41.3863029
aoi_10,2.1572738,41.3860453
aoi_10,2.1570807,41.3859327
aoi_10,2.1577673,41.3854336
aoi_10,2.1580463,41.3853531
aoi_10,2.1586042,41.3850311
aoi_10,2.1593981,41.3857878
aoi_10,2.1590977,41.3859971
aoi_10,2.1589904,41.3863512
aoi_10,2.1595483,41.3859488
aoi_10,2.160986,41.3870113
aoi_10,2.1607714,41.387285
aoi_10,2.1611147,41.3875908
aoi_10,2.1608143,41.3877357
aoi_10,2.1606641,41.3880577
aoi_10,2.1609216,41.3883475
aoi_10,2.1603852,41.3886373
aoi_10,2.159956,41.3888626
aoi_10,2.1596342,41.3888948
aoi_10,2.1593123,41.3890236
aoi_10,2.1597415,41.389249
aoi_10,2.1601706,41.3889753
aoi_10,2.160235,41.38941
aoi_10,2.1613079,41.3894261
aoi_10,2.161501,41.3896353
aoi_10,2.1619087,41.3893295
aoi_10,2.1631747,41.3901666
aoi_10,2.1630459,41.3906012
aoi_10,2.1645265,41.3896997
aoi_10,2.1661573,41.3907944
aoi_10,2.1667152,41.3913417
aoi_10,2.1671014,41.3911003
aoi_10,2.167552,41.3914383
aoi_10,2.1670585,41.3918086
aoi_10,2.1666079,41.3915349
aoi_10,2.1665221,41.3918086
aoi_10,2.1656423,41.3926939
aoi_10,2.1653848,41.393032
aoi_10,2.1651059,41.3929515
aoi_10,2.1648698,41.3931447
aoi_10,2.1651273,41.3933056
aoi_10,2.1653848,41.3931608
aoi_10,2.1656852,41.3934183
aoi_10,2.1654277,41.3936276
aoi_10,2.1657281,41.3940139
aoi_10,2.1660929,41.3942071
aoi_10,2.1656638,41.3944324
aoi_10,2.1651702,41.3949475
aoi_10,2.1654707,41.3953017
aoi_10,2.165063,41.3955592
aoi_10,2.1645265,41.3952373
aoi_10,2.1642261,41.3955753
aoi_10,2.1638184,41.3953339
aoi_10,2.1630674,41.394851
aoi_10,2.1624022,41.3955753
aoi_10,2.1621876,41.3958168
aoi_10,2.1617585,41.3957202
aoi_10,2.1612649,41.3960743
aoi_10,2.1604925,41.3956075
aoi_10,2.1600633,41.3959455
aoi_10,2.1596127,41.3956558
aoi_10,2.1592908,41.395849
aoi_10,2.1588402,41.3954787
aoi_10,2.1589261,41.39535
aoi_10,2.158454,41.3954304
aoi_10,2.1580034,41.3956397
aoi_10,2.1575313,41.3957846
aoi_10,2.1565443,41.3955753
aoi_10,2.1567159,41.3952212
aoi_10,2.1562009,41.3948671
aoi_10,2.1555787,41.3953017
aoi_10,2.1527677,41.3945612
aoi_11,2.1191766,41.4014646
aoi_11,2.1188547,41.4012875
aoi_11,2.1189835,41.4011105
aoi_11,2.1187689,41.4010139
aoi_11,2.1190693,41.4007564
aoi_11,2.1180822,41.4003701
aoi_11,2.1183397,41.400016
aoi_11,2.1188547,41.3996297
aoi_11,2.1199705,41.4003862
aoi_11,2.1203782,41.4000965
aoi_11,2.1193697,41.3994848
aoi_11,2.1197774,41.3987605
aoi_11,2.1211078,41.3994687
aoi_11,2.1215798,41.3989376
aoi_11,2.1216871,41.3982454
aoi_11,2.1221807,41.3977465
aoi_11,2.1225454,41.3975372
aoi_11,2.1214725,41.3970865
aoi_11,2.1223094,41.3963139
aoi_11,2.1221163,41.3961851
aoi_11,2.1227171,41.3958954
aoi_11,2.1225454,41.3957505
aoi_11,2.1229102,41.395493
aoi_11,2.1231248,41.3956056
aoi_11,2.1241762,41.3942374
aoi_11,2.124262,41.3929013
aoi_11,2.1257212,41.3934164
aoi_11,2.1264936,41.3916618
aoi_11,2.1273949,41.3918872
aoi_11,2.1267511,41.3939476
aoi_11,2.1270945,41.3941408
aoi_11,2.1276094,41.3937545
aoi_11,2.1282746,41.3943179
aoi_11,2.1268155,41.3956539
aoi_11,2.1259787,41.3960402
aoi_11,2.1256353,41.3964427
aoi_11,2.1253135,41.3963783
aoi_11,2.1249487,41.3967163
aoi_11,2.1243693,41.3971509
aoi_11,2.1238543,41.397843
aoi_11,2.1235325,41.398165
aoi_11,2.1232535,41.3980362
aoi_11,2.1228029,41.3983742
aoi_11,2.1226313,41.3992112
aoi_11,2.1222021,41.3997585
aoi_11,2.1225454,41.3999033
aoi_11,2.1222236,41.4002896
aoi_11,2.1218588,41.40103
aoi_11,2.1220304,41.4006437
aoi_11,2.1217515,41.4004345
aoi_11,2.1214511,41.4006598
aoi_11,2.1204855,41.4014485
aoi_11,2.1195414,41.4010461
aoi_11,2.1191766,41.4014646
aoi_12,2.1374484,41.4013288
aoi_12,2.1374699,41.4008459
aoi_12,2.1378346,41.4008137
aoi_12,2.1380707,41.401039
aoi_12,2.1380492,41.4012966
aoi_12,2.1374484,41.4013288
aoi_13,2.1320625,41.4062698
aoi_13,2.13232,41.4059801
aoi_13,2.1321698,41.4058353
aoi_13,2.132556,41.4054651
aoi_13,2.1319981,41.4051271
aoi_13,2.131569,41.4048374
aoi_13,2.1317407,41.4046926
aoi_13,2.1313115,41.4045316
aoi_13,2.1313544,41.4041132
aoi_13,2.1318265,41.4036303
aoi_13,2.1325131,41.4029222
aoi_13,2.1330067,41.4031153
aoi_13,2.1333714,41.4025198
aoi_13,2.1335646,41.4026968
aoi_13,2.1339079,41.4025198
aoi_13,2.1336289,41.4023267
aoi_13,2.1340581,41.4016829
aoi_13,2.1345731,41.4019726
aoi_13,2.1352812,41.4014253
aoi_13,2.136912,41.4024071
aoi_13,2.1362897,41.4030027
aoi_13,2.1365472,41.4033245
aoi_13,2.1368261,41.4030509
aoi_13,2.1366974,41.4028739
aoi_13,2.1368905,41.4027612
aoi_13,2.1370407,41.4029222
aoi_13,2.1388217,41.4014253
aoi_13,2.1392294,41.4017955
aoi_13,2.1388431,41.4021174
aoi_13,2.1392938,41.4024715
aoi_13,2.1380063,41.4032441
aoi_13,2.138178,41.4033889
aoi_13,2.1378346,41.4035338
aoi_13,2.1392938,41.4053042
aoi_13,2.138929,41.4063181
aoi_13,2.138178,41.4061411
aoi_13,2.137663,41.40561
aoi_13,2.1363755,41.4063342
aoi_13,2.1341868,41.4071389
aoi_13,2.1340581,41.4074286
aoi_13,2.1337148,41.4075895
aoi_13,2.1335646,41.4072838
aoi_13,2.1334144,41.4074125
aoi_13,2.1331998,41.4072838
aoi_13,2.1333714,41.4069297
aoi_13,2.1320625,41.4062698
aoi_14,2.1373411,41.4064308
aoi_14,2.137663,41.406125
aoi_14,2.1379419,41.4063181
aoi_14,2.1376201,41.4065917
aoi_14,2.1373411,41.4064308
aoi_15,2.1344302,41.4086127
aoi_15,2.1348165,41.4083713
aoi_15,2.1359323,41.409353
aoi_15,2.1362756,41.4096749
aoi_15,2.1367048,41.409176
aoi_15,2.1373914,41.409176
aoi_15,2.1372197,41.4094657
aoi_15,2.1374772,41.409868
aoi_15,2.1378635,41.4098197
aoi_15,2.1379493,41.4100933
aoi_15,2.1384857,41.4102543
aoi_15,2.1386574,41.4106405
aoi_15,2.1393226,41.4105278
aoi_15,2.1395801,41.410383
aoi_15,2.1399234,41.4109141
aoi_15,2.140138,41.4106727
aoi_15,2.1409963,41.4113164
aoi_15,2.1413182,41.4112037
aoi_15,2.1415542,41.4116061
aoi_15,2.1415542,41.4119762
aoi_15,2.1411679,41.412121
aoi_15,2.1407388,41.4121049
aoi_15,2.1402238,41.4116543
aoi_15,2.1399663,41.4118635
aoi_15,2.1405886,41.4123785
aoi_15,2.1403096,41.4126521
aoi_15,2.1404169,41.4128774
aoi_15,2.1387003,41.4141326
aoi_15,2.1384214,41.4139717
aoi_15,2.1382497,41.4141808
aoi_15,2.1377133,41.4139234
aoi_15,2.1372412,41.4138107
aoi_15,2.1372841,41.4134084
aoi_15,2.1370481,41.4132797
aoi_15,2.1373485,41.4128291
aoi_15,2.1377347,41.4122176
aoi_15,2.1372841,41.4120888
aoi_15,2.1374987,41.4114129
aoi_15,2.1377776,41.4114451
aoi_15,2.1375845,41.4110267
aoi_15,2.1371339,41.4108175
aoi_15,2.1367906,41.4107692
aoi_15,2.1362756,41.4103991
aoi_15,2.1354817,41.4102543
aoi_15,2.1351169,41.4104474
aoi_15,2.1347092,41.4103186
aoi_15,2.1351813,41.409868
aoi_15,2.1340655,41.4090634
aoi_15,2.1344946,41.4087576
aoi_15,2.1344302,41.4086127
aoi_16,2.163226,41.4312091
aoi_16,2.1630329,41.4310965
aoi_16,2.1627111,41.4311769
aoi_16,2.1626038,41.4309678
aoi_16,2.1599645,41.43137
aoi_16,2.1604151,41.4305978
aoi_16,2.159471,41.4303243
aoi_16,2.1593208,41.4306621
aoi_16,2.1585268,41.4305656
aoi_16,2.1584839,41.4299542
aoi_16,2.1580762,41.4298899
aoi_16,2.1584624,41.4291337
aoi_16,2.1587414,41.4291177
aoi_16,2.1587414,41.4289729
aoi_16,2.1580118,41.4289729
aoi_16,2.1576685,41.4292464
aoi_16,2.157175,41.4290533
aoi_16,2.1568317,41.4289568
aoi_16,2.1565956,41.4287798
aoi_16,2.1570677,41.4279271
aoi_16,2.1568317,41.4278788
aoi_16,2.1567029,41.4280719
aoi_16,2.1557159,41.4276858
aoi_16,2.1551794,41.4273962
aoi_16,2.1552438,41.4272514
aoi_16,2.1542782,41.4266239
aoi_16,2.1536774,41.4261412
aoi_16,2.1533555,41.4258999
aoi_16,2.1545357,41.4248219
aoi_16,2.1536559,41.4244679
aoi_16,2.1539992,41.4240657
aoi_16,2.1535701,41.4237761
aoi_16,2.1544928,41.4228107
aoi_16,2.1547717,41.4222958
aoi_16,2.1551365,41.421974
aoi_16,2.1559734,41.4223923
aoi_16,2.1551794,41.4233738
aoi_16,2.1555657,41.423583
aoi_16,2.1557802,41.423229
aoi_16,2.1565098,41.4236795
aoi_16,2.1562952,41.4239692
aoi_16,2.1571964,41.4242909
aoi_16,2.1567458,41.4250472
aoi_16,2.1560163,41.4248058
aoi_16,2.1558231,41.4250632
aoi_16,2.1564883,41.4252885
aoi_16,2.1567244,41.4254494
aoi_16,2.1564454,41.4257068
aoi_16,2.1562308,41.4258194
aoi_16,2.1568317,41.4260769
aoi_16,2.1562523,41.4266078
aoi_16,2.1553082,41.4262056
aoi_16,2.1563381,41.4268652
aoi_16,2.1566385,41.426817
aoi_16,2.1571106,41.4270583
aoi_16,2.1576041,41.4270583
aoi_16,2.1581191,41.4271709
aoi_16,2.1583337,41.427364
aoi_16,2.1588487,41.4275088
aoi_16,2.1597714,41.4277662
aoi_16,2.1603722,41.4281363
aoi_16,2.160973,41.4284098
aoi_16,2.1622175,41.4286833
aoi_16,2.1624107,41.4285224
aoi_16,2.1619171,41.4282971
aoi_16,2.1623248,41.4280236
aoi_16,2.1629042,41.4275731
aoi_16,2.1633977,41.4272031
aoi_16,2.1638269,41.4275731
aoi_16,2.1649427,41.4273962
aoi_16,2.1658224,41.4273801
aoi_16,2.1659512,41.4277019
aoi_16,2.165522,41.4282328
aoi_16,2.1647925,41.4282811
aoi_16,2.164492,41.4282328
aoi_16,2.164256,41.4284098
aoi_16,2.1639341,41.4283776
aoi_16,2.1638483,41.4287315
aoi_16,2.1637196,41.4289729
aoi_16,2.1632904,41.4291659
aoi_16,2.1628827,41.4295681
aoi_16,2.1630329,41.4297451
aoi_16,2.1636981,41.4292303
aoi_16,2.1645135,41.4296486
aoi_16,2.1643204,41.4300025
aoi_16,2.1647925,41.4302438
aoi_16,2.1644491,41.4307104
aoi_16,2.1639985,41.4310161
aoi_16,2.1636552,41.4311769
aoi_16,2.163226,41.4312091
aoi_17,2.1716396,41.4386118
aoi_17,2.1714894,41.437534
aoi_17,2.1721117,41.437534
aoi_17,2.1720044,41.4370193
aoi_17,2.1722405,41.4369227
aoi_17,2.1721117,41.4363115
aoi_17,2.1715967,41.4363597
aoi_17,2.1716182,41.436038
aoi_17,2.1719615,41.4359736
aoi_17,2.171704,41.4356841
aoi_17,2.1725838,41.4354267
aoi_17,2.1736781,41.4364562
aoi_17,2.1741502,41.4370193
aoi_17,2.1753304,41.4365688
aoi_17,2.1767036,41.4381292
aoi_17,2.1771757,41.4385475
aoi_17,2.1768968,41.439014
aoi_17,2.1771328,41.4393196
aoi_17,2.1776049,41.4391105
aoi_17,2.1785705,41.4402526
aoi_17,2.1774118,41.4408156
aoi_17,2.1779697,41.4415233
aoi_17,2.1775834,41.4417163
aoi_17,2.1767466,41.4421667
aoi_17,2.1765534,41.4421346
aoi_17,2.1761887,41.4424402
aoi_17,2.1745579,41.4412016
aoi_17,2.1738927,41.4410408
aoi_17,2.1732919,41.4406708
aoi_17,2.1750943,41.4390783
aoi_17,2.1744291,41.438467
aoi_17,2.1733563,41.4377914
aoi_17,2.172734,41.4377432
aoi_17,2.1728842,41.4383705
aoi_17,2.1723477,41.4383866
aoi_17,2.1723907,41.4386601
aoi_17,2.1716396,41.4386118
aoi_18,2.1733133,41.4359254
aoi_18,2.1730773,41.4356841
aoi_18,2.1733563,41.4355393
aoi_18,2.1736781,41.4357484
aoi_18,2.1733133,41.4359254
aoi_19,2.1792733,41.4458019
aoi_19,2.1786725,41.4449816
aoi_19,2.1781146,41.4450781
aoi_19,2.1777498,41.4446921
aoi_19,2.177385,41.4448529
aoi_19,2.177149,41.4445795
aoi_19,2.1765053,41.4440648
aoi_19,2.1779,41.4434696
aoi_19,2.1775567,41.4431318
aoi_19,2.1773207,41.442601
aoi_19,2.1778142,41.4419576
aoi_19,2.1781575,41.4419415
aoi_19,2.1784794,41.4426654
aoi_19,2.1791875,41.4423919
aoi_19,2.1791231,41.4419255
aoi_19,2.1794664,41.4417807
aoi_19,2.1800672,41.4423758
aoi_19,2.1810757,41.4420541
aoi_19,2.1794664,41.4408799
aoi_19,2.1799814,41.4405582
aoi_19,2.1802818,41.4407512
aoi_19,2.1812474,41.4400917
aoi_19,2.1815049,41.4403973
aoi_19,2.1818911,41.4401882
aoi_19,2.1825563,41.440896
aoi_19,2.1830928,41.4405582
aoi_19,2.1837365,41.4410408
aoi_19,2.1830284,41.4416198
aoi_19,2.1835648,41.4421346
aoi_19,2.1833288,41.4423598
aoi_19,2.1835005,41.4427619
aoi_19,2.1827065,41.4430192
aoi_19,2.1832001,41.4436466
aoi_19,2.183479,41.4439522
aoi_19,2.1827065,41.4442578
aoi_19,2.1831357,41.4445955
aoi_19,2.1818482,41.4451585
aoi_19,2.181226,41.4446277
aoi_19,2.1796166,41.4455284
aoi_19,2.179681,41.4458019
aoi_19,2.1792733,41.4458019
aoi_20,2.1883694,41.4387894
aoi_20,2.1883265,41.438146
aoi_20,2.1883694,41.4376312
aoi_20,2.1893565,41.436843
aoi_20,2.1893136,41.4364247
aoi_20,2.1884338,41.4365534
aoi_20,2.188069,41.4357973
aoi_20,2.1877472,41.4358134
aoi_20,2.1875755,41.4348482
aoi_20,2.187597,41.4342691
aoi_20,2.187554,41.4340599
aoi_20,2.1886698,41.433706
aoi_20,2.188863,41.4334486
aoi_20,2.188863,41.4330464
aoi_20,2.1881334,41.4331912
aoi_20,2.188348,41.4307137
aoi_20,2.1889488,41.4307137
aoi_20,2.188863,41.4304885
aoi_20,2.1842281,41.4305689
aoi_20,2.1843354,41.4298128
aoi_20,2.185301,41.429668
aoi_20,2.1864812,41.4295554
aoi_20,2.1865026,41.4297484
aoi_20,2.1874897,41.429668
aoi_20,2.1876613,41.4292819
aoi_20,2.188348,41.4294428
aoi_20,2.1881978,41.4297002
aoi_20,2.1905796,41.4296519
aoi_20,2.1899144,41.4310677
aoi_20,2.1901504,41.4310677
aoi_20,2.1899788,41.4318399
aoi_20,2.1899144,41.4335934
aoi_20,2.1901504,41.4335612
aoi_20,2.1902792,41.4337382
aoi_20,2.1917383,41.4335773
aoi_20,2.1917812,41.4338347
aoi_20,2.1904723,41.4339312
aoi_20,2.1903864,41.4342208
aoi_20,2.1900646,41.4343013
aoi_20,2.190086,41.4346069
aoi_20,2.1902792,41.4346713
aoi_20,2.1902148,41.4349286
aoi_20,2.1904294,41.4349286
aoi_20,2.1904294,41.4352504
aoi_20,2.1907298,41.4353469
aoi_20,2.1909658,41.4352504
aoi_20,2.1911589,41.4354756
aoi_20,2.1917597,41.4352986
aoi_20,2.1915237,41.4356526
aoi_20,2.1921245,41.4357652
aoi_20,2.1916954,41.4366821
aoi_20,2.1923606,41.4367947
aoi_20,2.1923391,41.4373417
aoi_20,2.1927253,41.4373417
aoi_20,2.1926824,41.4377438
aoi_20,2.1933476,41.4377277
aoi_20,2.1933261,41.4386446
aoi_20,2.1921674,41.4385803
aoi_20,2.1912018,41.4384999
aoi_20,2.1908371,41.4386607
aoi_20,2.1899573,41.4387251
aoi_20,2.1883694,41.4387894
aoi_21,2.1727541,41.4332067
aoi_21,2.1733764,41.431984
aoi_21,2.1730116,41.4317266
aoi_21,2.1726682,41.431437
aoi_21,2.172561,41.4309705
aoi_21,2.1724108,41.4307453
aoi_21,2.1721533,41.4309866
aoi_21,2.1720674,41.4307131
aoi_21,2.1698787,41.4308096
aoi_21,2.1698573,41.4304396
aoi_21,2.1704581,41.4303109
aoi_21,2.1703508,41.4300052
aoi_21,2.1707156,41.4298282
aoi_21,2.1708229,41.429426
aoi_21,2.1718099,41.4297478
aoi_21,2.1719816,41.4294904
aoi_21,2.1727541,41.4297478
aoi_21,2.1742561,41.4297478
aoi_21,2.1746424,41.4296834
aoi_21,2.1745994,41.429233
aoi_21,2.1756723,41.428155
aoi_21,2.1764233,41.4282998
aoi_21,2.1771314,41.4278815
aoi_21,2.1773031,41.4281872
aoi_21,2.1776893,41.4281068
aoi_21,2.1778181,41.4297961
aoi_21,2.1784189,41.4298282
aoi_21,2.1785047,41.4294582
aoi_21,2.179406,41.4294421
aoi_21,2.1794489,41.4297639
aoi_21,2.1801999,41.4298765
aoi_21,2.1801355,41.4289595
aoi_21,2.1810797,41.4288951
aoi_21,2.1811655,41.4291525
aoi_21,2.1815732,41.4290882
aoi_21,2.1820238,41.4290399
aoi_21,2.1820023,41.4286538
aoi_21,2.1821525,41.428332
aoi_21,2.1824744,41.4282516
aoi_21,2.1830323,41.4282677
aoi_21,2.1830108,41.4297961
aoi_21,2.1838906,41.4298122
aoi_21,2.1837833,41.43052
aoi_21,2.1824959,41.4304879
aoi_21,2.180908,41.4320323
aoi_21,2.1810797,41.4325149
aoi_21,2.1807149,41.4328688
aoi_21,2.1803286,41.4326275
aoi_21,2.1798351,41.4325793
aoi_21,2.1797493,41.4322093
aoi_21,2.1800926,41.4322253
aoi_21,2.180393,41.4317749
aoi_21,2.1782902,41.4318875
aoi_21,2.1782472,41.4323219
aoi_21,2.1770027,41.4323058
aoi_21,2.1767881,41.4320645
aoi_21,2.1769812,41.4318071
aoi_21,2.176359,41.4318714
aoi_21,2.1764448,41.4312118
aoi_21,2.1768096,41.4310992
aoi_21,2.1767452,41.4307453
aoi_21,2.1751788,41.4307614
aoi_21,2.17505,41.4310509
aoi_21,2.175329,41.431244
aoi_21,2.1747496,41.4318232
aoi_21,2.1745136,41.4316945
aoi_21,2.173784,41.4331584
aoi_21,2.1733334,41.4330941
aoi_21,2.1732261,41.4333515
aoi_21,2.1727541,41.4332067
aoi_22,2.1677137,41.430393
aoi_22,2.1676923,41.4300551
aoi_22,2.1679068,41.4299425
aoi_22,2.1681858,41.4300551
aoi_22,2.1682287,41.4303447
aoi_22,2.1677137,41.430393
aoi_23,2.1773658,41.4247285
aoi_23,2.1773444,41.4243262
aoi_23,2.1778808,41.4243584
aoi_23,2.1778594,41.4247446
aoi_23,2.1773658,41.4247285
aoi_24,2.1775375,41.4238154
aoi_24,2.17728,41.4228983
aoi_24,2.1776877,41.4227052
aoi_24,2.1778164,41.4228983
aoi_24,2.1784173,41.422319
aoi_24,2.1781598,41.4219811
aoi_24,2.1788035,41.4221259
aoi_24,2.1789966,41.421418
aoi_24,2.1791468,41.4211766
aoi_24,2.1795974,41.4214662
aoi_24,2.1800051,41.4217398
aoi_24,2.1797047,41.4222868
aoi_24,2.1805416,41.4221099
aoi_24,2.1807776,41.4224638
aoi_24,2.181593,41.4224156
aoi_24,2.1817647,41.4230109
aoi_24,2.1823226,41.4227535
aoi_24,2.1830092,41.4238315
aoi_24,2.1826659,41.424282
aoi_24,2.1820651,41.4242337
aoi_24,2.1823011,41.4244429
aoi_24,2.1820007,41.424636
aoi_24,2.1810351,41.4241694
aoi_24,2.1809707,41.4238958
aoi_24,2.1800695,41.4239119
aoi_24,2.1800051,41.423558
aoi_24,2.179061,41.4236706
aoi_24,2.1775375,41.4238154
aoi_25,2.1785038,41.417955
aoi_25,2.1782677,41.4176815
aoi_25,2.1786325,41.4175045
aoi_25,2.1789115,41.4178102
aoi_25,2.1785038,41.417955
aoi_26,2.1792764,41.4164464
aoi_26,2.1789975,41.4159958
aoi_26,2.1786541,41.4157383
aoi_26,2.1791477,41.4153039
aoi_26,2.1787614,41.415159
aoi_26,2.1787614,41.4149016
aoi_26,2.1785039,41.4147085
aoi_26,2.1793193,41.4142096
aoi_26,2.1802205,41.4149498
aoi_26,2.1804351,41.414274
aoi_26,2.1801347,41.4140648
aoi_26,2.1806926,41.4133245
aoi_26,2.1804566,41.4130992
aoi_26,2.1806282,41.4126969
aoi_26,2.1808857,41.4127452
aoi_26,2.1813149,41.4125843
aoi_26,2.1815938,41.4126647
aoi_26,2.1823663,41.4143223
aoi_26,2.1819801,41.4146119
aoi_26,2.1819372,41.4148533
aoi_26,2.182774,41.4154809
aoi_26,2.1815509,41.4164786
aoi_26,2.1811861,41.4167682
aoi_26,2.1803922,41.4163659
aoi_26,2.1803922,41.4160763
aoi_26,2.1792764,41.4164464
aoi_27,2.181744,41.4114256
aoi_27,2.1814222,41.4111842
aoi_27,2.1817655,41.4109106
aoi_27,2.1821303,41.4111359
aoi_27,2.181744,41.4114256
aoi_28,2.1731351,41.4107034
aoi_28,2.1733926,41.4104781
aoi_28,2.1738002,41.4107839
aoi_28,2.1735213,41.4110252
aoi_28,2.1731351,41.4107034
aoi_29,2.1732423,41.4091544
aoi_29,2.1721909,41.4085268
aoi_29,2.1722982,41.4083015
aoi_29,2.1715901,41.4078347
aoi_29,2.1717618,41.4074163
aoi_29,2.1724484,41.4067726
aoi_29,2.172148,41.4068047
aoi_29,2.1717189,41.4065633
aoi_29,2.1722553,41.4061771
aoi_29,2.1727059,41.4058713
aoi_29,2.1733067,41.4063702
aoi_29,2.1739505,41.4057264
aoi_29,2.1738861,41.4052597
aoi_29,2.1742509,41.4055494
aoi_29,2.1750233,41.4050505
aoi_29,2.174444,41.4046964
aoi_29,2.1747229,41.4045998
aoi_29,2.17571,41.4052758
aoi_29,2.1767185,41.4044872
aoi_29,2.1756241,41.4036985
aoi_29,2.1753023,41.4038756
aoi_29,2.1740363,41.4029743
aoi_29,2.1732209,41.4023305
aoi_29,2.1721051,41.4031996
aoi_29,2.1712468,41.4027007
aoi_29,2.1706031,41.4030708
aoi_29,2.1702168,41.4027972
aoi_29,2.1690796,41.4038595
aoi_29,2.1683071,41.403264
aoi_29,2.1689508,41.4027168
aoi_29,2.1688221,41.4025719
aoi_29,2.1693371,41.40225
aoi_29,2.1697233,41.4017832
aoi_29,2.1700881,41.401735
aoi_29,2.1705601,41.4015418
aoi_29,2.1708176,41.4012521
aoi_29,2.1718261,41.4019442
aoi_29,2.1724484,41.4016384
aoi_29,2.1728776,41.4015579
aoi_29,2.173414,41.4011394
aoi_29,2.1739075,41.4013487
aoi_29,2.174165,41.4015579
aoi_29,2.1745727,41.4012199
aoi_29,2.1750019,41.4014774
aoi_29,2.1752808,41.4012038
aoi_29,2.1760533,41.4016706
aoi_29,2.1769116,41.4021212
aoi_29,2.1782205,41.4032157
aoi_29,2.1785424,41.403103
aoi_29,2.1787999,41.403441
aoi_29,2.1782849,41.4038112
aoi_29,2.1783922,41.4040365
aoi_29,2.1780274,41.4043101
aoi_29,2.1776626,41.4040687
aoi_29,2.1772764,41.4037629
aoi_29,2.1767399,41.4034732
aoi_29,2.176461,41.4033605
aoi_29,2.1760748,41.4037951
aoi_29,2.1763752,41.4040043
aoi_29,2.1765683,41.4038434
aoi_29,2.178478,41.4052597
aoi_29,2.1781776,41.4055333
aoi_29,2.1782849,41.4057908
aoi_29,2.1775124,41.4060483
aoi_29,2.1782205,41.4066277
aoi_29,2.1783278,41.4069496
aoi_29,2.1778557,41.4075129
aoi_29,2.1772335,41.4070622
aoi_29,2.1770833,41.4071427
aoi_29,2.1765897,41.4067565
aoi_29,2.1763108,41.407014
aoi_29,2.1765039,41.4071266
aoi_29,2.1765039,41.4072715
aoi_29,2.1773622,41.4077865
aoi_29,2.1770833,41.4082049
aoi_29,2.1767399,41.4084946
aoi_29,2.1764395,41.4086877
aoi_29,2.1755383,41.4091222
aoi_29,2.1751521,41.4089935
aoi_29,2.1743796,41.4084141
aoi_29,2.1732423,41.4091544
aoi_30,2.1712682,41.4068772
aoi_30,2.1708391,41.4066036
aoi_30,2.171118,41.4063622
aoi_30,2.1715686,41.4065553
aoi_30,2.1712682,41.4068772
aoi_31,2.1811388,41.4072634
aoi_31,2.1803878,41.4065553
aoi_31,2.1807096,41.4063622
aoi_31,2.1804521,41.4060725
aoi_31,2.1809886,41.4058954
aoi_31,2.1806023,41.4056218
aoi_31,2.1809886,41.4052838
aoi_31,2.1814606,41.4056379
aoi_31,2.1817396,41.4059598
aoi_31,2.1825121,41.4056218
aoi_31,2.1829627,41.4059276
aoi_31,2.1833275,41.4055253
aoi_31,2.1838854,41.4058471
aoi_31,2.1840356,41.405654
aoi_31,2.1844647,41.4060403
aoi_31,2.1825979,41.4070864
aoi_31,2.1822331,41.40736
aoi_31,2.181761,41.4071025
aoi_31,2.1811388,41.4072634
aoi_32,2.1879997,41.4093055
aoi_32,2.1876349,41.4089997
aoi_32,2.1876135,41.408871
aoi_32,2.1872701,41.4087422
aoi_32,2.1870556,41.4086456
aoi_32,2.1870341,41.4078732
aoi_32,2.1877208,41.4077766
aoi_32,2.1872272,41.4069075
aoi_32,2.1891584,41.4061672
aoi_32,2.1890511,41.4056522
aoi_32,2.1893086,41.4055073
aoi_32,2.1912613,41.4068914
aoi_32,2.1907463,41.4073421
aoi_32,2.1895017,41.4065052
aoi_32,2.1892013,41.4065696
aoi_32,2.1897163,41.4082916
aoi_32,2.1894588,41.4083881
aoi_32,2.1895876,41.40871
aoi_32,2.1891155,41.4088388
aoi_32,2.189373,41.4093216
aoi_32,2.1884289,41.4095308
aoi_32,2.1879997,41.4093055
aoi_33,2.1917548,41.4067627
aoi_33,2.189373,41.4050728
aoi_33,2.1900811,41.4045417
aoi_33,2.1895447,41.4042842
aoi_33,2.1909394,41.4033829
aoi_33,2.1899953,41.4027873
aoi_33,2.1908107,41.4021596
aoi_33,2.1912827,41.4022884
aoi_33,2.192141,41.4028678
aoi_33,2.1922698,41.4033185
aoi_33,2.1919694,41.4034955
aoi_33,2.1921625,41.4037852
aoi_33,2.1917763,41.4040266
aoi_33,2.1925487,41.4042842
aoi_33,2.1930637,41.4038174
aoi_33,2.1933427,41.403914
aoi_33,2.1937504,41.4037208
aoi_33,2.1945658,41.4044773
aoi_33,2.1941151,41.4047187
aoi_33,2.194952,41.4053142
aoi_33,2.1949949,41.4055878
aoi_33,2.194437,41.4059419
aoi_33,2.1938147,41.4054752
aoi_33,2.1933427,41.4057648
aoi_33,2.1937933,41.4062155
aoi_33,2.1941151,41.4060384
aoi_33,2.1943726,41.4062477
aoi_33,2.193686,41.4066661
aoi_33,2.1930423,41.4060706
aoi_33,2.192656,41.406296
aoi_33,2.1924414,41.4061672
aoi_33,2.1917548,41.4067627
aoi_34,2.1987929,41.4048314
aoi_34,2.1975055,41.4033507
aoi_34,2.1989217,41.4021918
aoi_34,2.2000375,41.4013549
aoi_34,2.2006383,41.4007754
aoi_34,2.2011533,41.4003892
aoi_34,2.2016039,41.400196
aoi_34,2.2022261,41.3994556
aoi_34,2.2026553,41.3995683
aoi_34,2.2033634,41.3989888
aoi_34,2.2029557,41.3983128
aoi_34,2.2031703,41.398184
aoi_34,2.2037282,41.3984416
aoi_34,2.2050586,41.3975724
aoi_34,2.2057023,41.3982645
aoi_34,2.2047367,41.3990371
aoi_34,2.20508,41.3992947
aoi_34,2.2042861,41.3997131
aoi_34,2.2039857,41.3994556
aoi_34,2.2040071,41.3997292
aoi_34,2.2037711,41.3998741
aoi_34,2.2042002,41.4001316
aoi_34,2.2051015,41.3996488
aoi_34,2.2056594,41.4000994
aoi_34,2.2052302,41.4003409
aoi_34,2.2057023,41.4009042
aoi_34,2.205316,41.4011617
aoi_34,2.2055306,41.401371
aoi_34,2.2041788,41.4024011
aoi_34,2.2044577,41.4026425
aoi_34,2.2054233,41.4019504
aoi_34,2.205831,41.4020631
aoi_34,2.2061744,41.4022562
aoi_34,2.2046723,41.4028839
aoi_34,2.2047152,41.4030932
aoi_34,2.2043505,41.4032702
aoi_34,2.2040286,41.4030932
aoi_34,2.2036638,41.4032863
aoi_34,2.2037711,41.4035116
aoi_34,2.20405,41.4034955
aoi_34,2.2043075,41.4037369
aoi_34,2.2036638,41.4043968
aoi_34,2.2033634,41.4043324
aoi_34,2.2028699,41.4039945
aoi_34,2.2021403,41.404429
aoi_34,2.2013678,41.4038818
aoi_34,2.2020759,41.403415
aoi_34,2.2017112,41.4030288
aoi_34,2.2014322,41.4028034
aoi_34,2.2008099,41.4032863
aoi_34,2.2004237,41.4031736
aoi_34,2.2001662,41.4034633
aoi_34,2.1995439,41.4029644
aoi_34,2.1988573,41.4034794
aoi_34,2.199265,41.4037691
aoi_34,2.1992221,41.4040106
aoi_34,2.1993937,41.4041232
aoi_34,2.1996083,41.4039945
aoi_34,2.1998014,41.4042359
aoi_34,2.1987929,41.4048314
aoi_35,2.1904985,41.4012136
aoi_35,2.1895543,41.4005859
aoi_35,2.1890393,41.4002157
aoi_35,2.1896831,41.3996524
aoi_35,2.1898333,41.399765
aoi_35,2.1903483,41.3999743
aoi_35,2.1910134,41.3995397
aoi_35,2.1913353,41.3995558
aoi_35,2.1915928,41.399089
aoi_35,2.1915928,41.3988315
aoi_35,2.1912924,41.3984774
aoi_35,2.192022,41.3979462
aoi_35,2.1924296,41.398252
aoi_35,2.1927301,41.3983486
aoi_35,2.1929875,41.3981554
aoi_35,2.1924726,41.3977047
aoi_35,2.1920434,41.3973506
aoi_35,2.1913782,41.3979301
aoi_35,2.1906916,41.3976726
aoi_35,2.1904341,41.3978496
aoi_35,2.1901122,41.3976726
aoi_35,2.1895543,41.3973345
aoi_35,2.1887389,41.3969321
aoi_35,2.188932,41.3966907
aoi_35,2.1886316,41.3966102
aoi_35,2.1882239,41.3962722
aoi_35,2.1875373,41.3957893
aoi_35,2.1879021,41.3955317
aoi_35,2.1877304,41.3953547
aoi_35,2.1880308,41.3951615
aoi_35,2.1877948,41.3950327
aoi_35,2.1881167,41.3946947
aoi_35,2.1876875,41.3943405
aoi_35,2.18846,41.3937128
aoi_35,2.1886316,41.3939381
aoi_35,2.1890393,41.3936806
aoi_35,2.1894685,41.3939703
aoi_35,2.1890179,41.3943084
aoi_35,2.1895329,41.3945176
aoi_35,2.1898118,41.3943566
aoi_35,2.1902195,41.3946303
aoi_35,2.1900693,41.3949522
aoi_35,2.1902195,41.395081
aoi_35,2.190477,41.3949361
aoi_35,2.1903053,41.3947913
aoi_35,2.1904126,41.3945498
aoi_35,2.1898976,41.3943405
aoi_35,2.1906272,41.3937289
aoi_35,2.1907559,41.3938576
aoi_35,2.190992,41.3936645
aoi_35,2.1912495,41.3938576
aoi_35,2.1911636,41.3941474
aoi_35,2.1913568,41.3942601
aoi_35,2.1915928,41.394083
aoi_35,2.1919361,41.3942762
aoi_35,2.1917001,41.3944854
aoi_35,2.192022,41.3946303
aoi_35,2.192258,41.3944693
aoi_35,2.1927515,41.3947269
aoi_35,2.1929232,41.3945337
aoi_35,2.1933523,41.3950649
aoi_35,2.1930519,41.3954351
aoi_35,2.1957127,41.3973184
aoi_35,2.194511,41.3980911
aoi_35,2.1948114,41.3983486
aoi_35,2.1951119,41.398928
aoi_35,2.1953908,41.3993787
aoi_35,2.1951119,41.3995397
aoi_35,2.1947685,41.3991212
aoi_35,2.1938244,41.3998455
aoi_35,2.1934382,41.3996685
aoi_35,2.1926657,41.4000065
aoi_35,2.1924296,41.3998616
aoi_35,2.1922794,41.3999582
aoi_35,2.1926442,41.4001352
aoi_35,2.1923224,41.4005215
aoi_35,2.1916143,41.4008595
aoi_35,2.1912495,41.4006342
aoi_35,2.1904985,41.4012136
aoi_36,2.189962,41.3986383
aoi_36,2.1897045,41.3984452
aoi_36,2.1900049,41.3981232
aoi_36,2.1902195,41.3981554
aoi_36,2.1904341,41.3980911
aoi_36,2.1906487,41.3983164
aoi_36,2.189962,41.3986383
aoi_37,2.1684904,41.394006
aoi_37,2.1681041,41.393668
aoi_37,2.1678466,41.3934909
aoi_37,2.1679968,41.3932655
aoi_37,2.1676321,41.3930885
aoi_37,2.1673746,41.3932172
aoi_37,2.1669883,41.3929436
aoi_37,2.1672244,41.3926538
aoi_37,2.1668167,41.3924446
aoi_37,2.1676535,41.3915914
aoi_37,2.1678466,41.3916558
aoi_37,2.1685976,41.3910924
aoi_37,2.1690697,41.3913982
aoi_37,2.1693058,41.3911889
aoi_37,2.1699066,41.3914626
aoi_37,2.1697349,41.3916397
aoi_37,2.1699924,41.3917846
aoi_37,2.1701641,41.3916558
aoi_37,2.1704216,41.3918168
aoi_37,2.1703572,41.3920421
aoi_37,2.170722,41.392348
aoi_37,2.1699066,41.3928309
aoi_37,2.169928,41.3930402
aoi_37,2.1692628,41.3934104
aoi_37,2.1684904,41.394006
aoi_38,2.1723527,41.3960503
aoi_38,2.1721596,41.395825
aoi_38,2.1723957,41.3956157
aoi_38,2.1726102,41.3957284
aoi_38,2.1725888,41.3959859
aoi_38,2.1723527,41.3960503
aoi_39,2.1616212,41.408527
aoi_39,2.1601621,41.4079637
aoi_39,2.160484,41.4075774
aoi_39,2.1603338,41.4073199
aoi_39,2.1610633,41.4070624
aoi_39,2.1615139,41.4064509
aoi_39,2.1618143,41.4061934
aoi_39,2.1616856,41.4058876
aoi_39,2.1619645,41.4055174
aoi_39,2.1626941,41.4058393
aoi_39,2.1631233,41.4057266
aoi_39,2.1636597,41.4060968
aoi_39,2.1631233,41.4063382
aoi_39,2.162737,41.4064831
aoi_39,2.1620504,41.4071429
aoi_39,2.1618573,41.4074326
aoi_39,2.1618573,41.4076579
aoi_39,2.1614067,41.408012
aoi_39,2.1616427,41.408012
aoi_39,2.1620933,41.407674
aoi_39,2.1623722,41.4078993
aoi_39,2.1616212,41.408527
aoi_40,2.1630304,41.4031221
aoi_40,2.1622579,41.4026553
aoi_40,2.1627729,41.4021564
aoi_40,2.1630948,41.4020759
aoi_40,2.1636312,41.4016574
aoi_40,2.164511,41.4010136
aoi_40,2.1640175,41.4005952
aoi_40,2.1633523,41.4008527
aoi_40,2.163009,41.4005308
aoi_40,2.1628587,41.4003054
aoi_40,2.1636956,41.3997582
aoi_40,2.1650474,41.3988085
aoi_40,2.1647899,41.3985993
aoi_40,2.1653478,41.3982935
aoi_40,2.1658414,41.3982774
aoi_40,2.1667211,41.3988085
aoi_40,2.166292,41.3991626
aoi_40,2.1668713,41.3994846
aoi_40,2.1663993,41.3998065
aoi_40,2.1657341,41.3994363
aoi_40,2.1648972,41.4002089
aoi_40,2.1659272,41.4008527
aoi_40,2.165498,41.4013838
aoi_40,2.1649187,41.4018506
aoi_40,2.1636312,41.4028485
aoi_40,2.1630304,41.4031221
aoi_41,2.1712802,41.4003235
aoi_41,2.1709369,41.4000981
aoi_41,2.1713446,41.3998728
aoi_41,2.1716235,41.4000499
aoi_41,2.1712802,41.4003235
aoi_42,2.1739409,41.3995066
aoi_42,2.1735118,41.3992008
aoi_42,2.1732114,41.3992813
aoi_42,2.1730612,41.399233
aoi_42,2.1732757,41.3990881
aoi_42,2.1730183,41.3989433
aoi_42,2.1729324,41.3986214
aoi_42,2.1725676,41.3984282
aoi_42,2.1728466,41.3981868
aoi_42,2.1731899,41.3979775
aoi_42,2.1730826,41.3978487
aoi_42,2.1737049,41.397398
aoi_42,2.1738766,41.3974785
aoi_42,2.1753357,41.3961586
aoi_42,2.175958,41.3964966
aoi_42,2.1765159,41.3969313
aoi_42,2.176709,41.3968347
aoi_42,2.1775244,41.3973659
aoi_42,2.177224,41.39772
aoi_42,2.1769665,41.3976717
aoi_42,2.1766017,41.3978809
aoi_42,2.1767948,41.3980902
aoi_42,2.1753571,41.3991042
aoi_42,2.1747992,41.3988789
aoi_42,2.1745632,41.3985731
aoi_42,2.1746705,41.3983316
aoi_42,2.1743915,41.3980741
aoi_42,2.1740482,41.3982672
aoi_42,2.1743701,41.3985087
aoi_42,2.1741984,41.3987179
aoi_42,2.1746061,41.3989272
aoi_42,2.1739409,41.3995066
aoi_43,2.1384049,41.3887419
aoi_43,2.1376968,41.3882751
aoi_43,2.1379758,41.3880014
aoi_43,2.1385551,41.3883394
aoi_43,2.1384049,41.3887419
aoi_44,2.0705969,41.356552
aoi_44,2.070039,41.3562299
aoi_44,2.0694811,41.3560205
aoi_44,2.0691378,41.3556984
aoi_44,2.0695241,41.3551185
aoi_44,2.0699103,41.3549575
aoi_44,2.0704897,41.3547964
aoi_44,2.0707472,41.3549736
aoi_44,2.0712621,41.3550541
aoi_44,2.0717557,41.3545065
aoi_44,2.0720775,41.354281
aoi_44,2.0712621,41.3536689
aoi_44,2.0704897,41.3531052
aoi_44,2.0701463,41.352332
aoi_44,2.0702107,41.3515911
aoi_44,2.0698674,41.3511239
aoi_44,2.0703824,41.3510112
aoi_44,2.070833,41.3510273
aoi_44,2.0721848,41.3508823
aoi_44,2.0732792,41.3509306
aoi_44,2.0741804,41.3512528
aoi_44,2.074867,41.3516072
aoi_44,2.0743091,41.3517038
aoi_44,2.0742448,41.3522837
aoi_44,2.0753176,41.3523964
aoi_44,2.0741804,41.3536367
aoi_44,2.0737512,41.3538461
aoi_44,2.0732792,41.354281
aoi_44,2.0728929,41.3547481
aoi_44,2.0723779,41.355183
aoi_44,2.0729358,41.35565
aoi_44,2.0735581,41.3557145
aoi_44,2.0731719,41.3563909
aoi_44,2.0726354,41.3565198
aoi_44,2.0727213,41.3567775
aoi_44,2.0724423,41.3569225
aoi_44,2.0717986,41.3565842
aoi_44,2.0705969,41.356552
aoi_45,2.1407331,41.3859407
aoi_45,2.1404327,41.3857636
aoi_45,2.1401966,41.3858441
aoi_45,2.139982,41.3857636
aoi_45,2.1389521,41.3856992
aoi_45,2.1388019,41.3858602
aoi_45,2.1381796,41.385506
aoi_45,2.1386088,41.3849587
aoi_45,2.1391452,41.3844596
aoi_45,2.1392739,41.3842342
aoi_45,2.1396173,41.3840732
aoi_45,2.1393812,41.3839605
aoi_45,2.1396816,41.3838317
aoi_45,2.1400035,41.3838156
aoi_45,2.1403897,41.3833648
aoi_45,2.1404756,41.3828013
aoi_45,2.1410549,41.3829784
aoi_45,2.1413983,41.3831716
aoi_45,2.1416343,41.3829784
aoi_45,2.1420634,41.3832521
aoi_45,2.1416128,41.3837673
aoi_45,2.1413339,41.3836385
aoi_45,2.1412266,41.3838317
aoi_45,2.1416343,41.3841215
aoi_45,2.1418059,41.3837029
aoi_45,2.1421493,41.3837673
aoi_45,2.1426857,41.3833165
aoi_45,2.1427501,41.3837512
aoi_45,2.1432651,41.3837673
aoi_45,2.1436513,41.384041
aoi_45,2.1438873,41.3840249
aoi_45,2.1441019,41.3842181
aoi_45,2.1441877,41.3845562
aoi_45,2.1448529,41.3849265
aoi_45,2.1444882,41.3851841
aoi_45,2.1441019,41.385007
aoi_45,2.1437371,41.3853129
aoi_45,2.1439517,41.3854416
aoi_45,2.1432222,41.3859729
aoi_45,2.1428359,41.3857636
aoi_45,2.1428574,41.385506
aoi_45,2.1425355,41.385506
aoi_45,2.1423424,41.3857797
aoi_45,2.1419776,41.385667
aoi_45,2.1417201,41.385506
aoi_45,2.1412266,41.3854416
aoi_45,2.1407331,41.3859407
aoi_46,2.1357871,41.3840973
aoi_46,2.1359158,41.3838559
aoi_46,2.1357656,41.3837754
aoi_46,2.1358944,41.3835983
aoi_46,2.1360446,41.3835339
aoi_46,2.1363664,41.3832924
aoi_46,2.1365381,41.3834534
aoi_46,2.1374393,41.3820527
aoi_46,2.1377612,41.3822459
aoi_46,2.1378899,41.3821171
aoi_46,2.1384907,41.3824069
aoi_46,2.1390057,41.3826806
aoi_46,2.1391988,41.3825035
aoi_46,2.1387697,41.3823103
aoi_46,2.1389413,41.3820366
aoi_46,2.1387268,41.3820044
aoi_46,2.1385766,41.3823103
aoi_46,2.1380187,41.3821171
aoi_46,2.1374608,41.3819078
aoi_46,2.1382762,41.3809257
aoi_46,2.1384049,41.3807485
aoi_46,2.1387268,41.3808291
aoi_46,2.1389199,41.3804909
aoi_46,2.1394349,41.380507
aoi_46,2.1399069,41.3807002
aoi_46,2.139864,41.3809901
aoi_46,2.1396065,41.3812316
aoi_46,2.1406365,41.3815858
aoi_46,2.1405078,41.3819078
aoi_46,2.1410013,41.382101
aoi_46,2.1404863,41.3826323
aoi_46,2.1401001,41.3832119
aoi_46,2.1398426,41.3830831
aoi_46,2.1392418,41.3836627
aoi_46,2.1388555,41.3835339
aoi_46,2.1387268,41.3836627
aoi_46,2.1391559,41.3838237
aoi_46,2.1388341,41.3841778
aoi_46,2.138598,41.3841134
aoi_46,2.1383191,41.384532
aoi_46,2.1375466,41.3841778
aoi_46,2.137332,41.3841295
aoi_46,2.137096,41.384049
aoi_46,2.1371174,41.383872
aoi_46,2.1369029,41.3843066
aoi_46,2.1364308,41.3842261
aoi_46,2.1357871,41.3840973
aoi_47,2.2233695,41.4615637
aoi_47,2.2228116,41.4611135
aoi_47,2.2231979,41.4609044
aoi_47,2.2183055,41.4568681
aoi_47,2.2186703,41.4566108
aoi_47,2.219078,41.4569485
aoi_47,2.2207088,41.4559997
aoi_47,2.2209877,41.4557423
aoi_47,2.2213096,41.4555172
aoi_47,2.2216744,41.4557584
aoi_47,2.2219748,41.4553885
aoi_47,2.2221894,41.4556459
aoi_47,2.2221679,41.4558388
aoi_47,2.221846,41.4559032
aoi_47,2.2220821,41.4561605
aoi_47,2.2220606,41.4563374
aoi_47,2.2215027,41.456466
aoi_47,2.2213954,41.4567394
aoi_47,2.2213954,41.4569967
aoi_47,2.2216529,41.4568359
aoi_47,2.2222108,41.4567394
aoi_47,2.2232408,41.4572379
aoi_47,2.2238201,41.4576721
aoi_47,2.2235412,41.4578169
aoi_47,2.2239274,41.4581546
aoi_47,2.2230048,41.4585727
aoi_47,2.2235197,41.4589265
aoi_47,2.2238845,41.4587335
aoi_47,2.2247428,41.4594411
aoi_47,2.2245068,41.4596662
aoi_47,2.2249359,41.4600361
aoi_47,2.2253007,41.4599556
aoi_47,2.225687,41.4604863
aoi_47,2.2252363,41.4607436
aoi_47,2.2249789,41.4609366
aoi_47,2.2247428,41.4610652
aoi_47,2.224378,41.4611617
aoi_47,2.2250647,41.4611456
aoi_47,2.2249359,41.4613225
aoi_47,2.2233695,41.4615637
aoi_48,2.1561185,41.405125
aoi_48,2.1545091,41.4041272
aoi_48,2.1545735,41.403934
aoi_48,2.1543589,41.4038375
aoi_48,2.1541444,41.4039019
aoi_48,2.1540371,41.4037087
aoi_48,2.1541229,41.4034995
aoi_48,2.1536079,41.4033385
aoi_48,2.1528784,41.4030006
aoi_48,2.1528998,41.4031937
aoi_48,2.1530715,41.4032903
aoi_48,2.1524278,41.4041433
aoi_48,2.1514407,41.4037087
aoi_48,2.151548,41.4034029
aoi_48,2.1517411,41.4033224
aoi_48,2.1518913,41.4030649
aoi_48,2.1513978,41.4029201
aoi_48,2.1517411,41.4024694
aoi_48,2.1519986,41.4023407
aoi_48,2.1521703,41.4019544
aoi_48,2.1524278,41.4017773
aoi_48,2.1532002,41.4011335
aoi_48,2.153565,41.400876
aoi_48,2.1533719,41.4006185
aoi_48,2.1527067,41.4002322
aoi_48,2.1524921,41.4002966
aoi_48,2.1523205,41.4001034
aoi_48,2.1519771,41.3999907
aoi_48,2.1536294,41.3982524
aoi_48,2.1539727,41.3984133
aoi_48,2.1549598,41.3981236
aoi_48,2.155346,41.3981075
aoi_48,2.1555606,41.398526
aoi_48,2.1559468,41.3987353
aoi_48,2.155861,41.3988962
aoi_48,2.1560326,41.3989284
aoi_48,2.156333,41.3985904
aoi_48,2.1562043,41.3984294
aoi_48,2.1565262,41.3981719
aoi_48,2.1568051,41.3982363
aoi_48,2.1571914,41.3984455
aoi_48,2.1575776,41.3987031
aoi_48,2.1579209,41.3986226
aoi_48,2.1581784,41.3988801
aoi_48,2.1585217,41.3986226
aoi_48,2.1588651,41.3987836
aoi_48,2.1593157,41.3984455
aoi_48,2.1591225,41.398349
aoi_48,2.1587792,41.3982363
aoi_48,2.1583715,41.3984616
aoi_48,2.1579853,41.3983651
aoi_48,2.1576634,41.3981558
aoi_48,2.1578351,41.3979144
aoi_48,2.1581784,41.3978339
aoi_48,2.1585217,41.3975763
aoi_48,2.1588436,41.3973027
aoi_48,2.1591655,41.397351
aoi_48,2.1594659,41.3976568
aoi_48,2.159659,41.3975763
aoi_48,2.1595302,41.3974154
aoi_48,2.1596375,41.3972866
aoi_48,2.1595088,41.3971578
aoi_48,2.1597448,41.3969808
aoi_48,2.1598736,41.3968037
aoi_48,2.1618048,41.3972705
aoi_48,2.16144,41.3975602
aoi_48,2.1617833,41.3978661
aoi_48,2.1622983,41.3974798
aoi_48,2.1627489,41.3976729
aoi_48,2.1630064,41.3975763
aoi_48,2.1634355,41.3979466
aoi_48,2.1630922,41.398188
aoi_48,2.1622983,41.3986387
aoi_48,2.161912,41.3989123
aoi_48,2.1616116,41.3987514
aoi_48,2.1612898,41.3991859
aoi_48,2.1610752,41.3994435
aoi_48,2.1599809,41.4003126
aoi_48,2.1601525,41.4006346
aoi_48,2.1601525,41.4008921
aoi_48,2.1595946,41.4013428
aoi_48,2.1592298,41.4011013
aoi_48,2.1581355,41.4018256
aoi_48,2.158393,41.4019705
aoi_48,2.158908,41.4015359
aoi_48,2.1591225,41.4017129
aoi_48,2.1592727,41.4015359
aoi_48,2.1591011,41.401391
aoi_48,2.1593371,41.4012784
aoi_48,2.1595302,41.4014071
aoi_48,2.15938,41.4016164
aoi_48,2.1600881,41.402067
aoi_48,2.1602813,41.4018417
aoi_48,2.1610323,41.4022441
aoi_48,2.16144,41.4026304
aoi_48,2.1608606,41.4031776
aoi_48,2.1604958,41.4030006
aoi_48,2.1598092,41.4036926
aoi_48,2.15938,41.4035156
aoi_48,2.1585861,41.4042398
aoi_48,2.1575347,41.4053182
aoi_48,2.1566335,41.4047227
aoi_48,2.1561185,41.405125
aoi_49,2.163221,41.3990513
aoi_49,2.1628562,41.3987777
aoi_49,2.1632639,41.3983753
aoi_49,2.1637145,41.3986489
aoi_49,2.163221,41.3990513
aoi_50,2.1474408,41.4010758
aoi_50,2.1471833,41.4009148
aoi_50,2.1474408,41.4006412
aoi_50,2.1477841,41.4008987
aoi_50,2.1474408,41.4010758
aoi_51,2.159624,41.384693
aoi_51,2.1591949,41.3844354
aoi_51,2.1594309,41.3841779
aoi_51,2.1598815,41.3837915
aoi_51,2.1601819,41.3837271
aoi_51,2.1605681,41.3840169
aoi_51,2.159624,41.384693
aoi_52,2.1625208,41.3859327
aoi_52,2.162156,41.3856268
aoi_52,2.1625208,41.3853692
aoi_52,2.162907,41.3856751
aoi_52,2.1625208,41.3859327
aoi_53,2.1653283,41.3853959
aoi_53,2.1653069,41.3851222
aoi_53,2.1656073,41.3851061
aoi_53,2.1655429,41.3845748
aoi_53,2.1661652,41.3844782
aoi_53,2.16653,41.3841885
aoi_53,2.1671093,41.3848807
aoi_53,2.1671523,41.3853154
aoi_53,2.1653283,41.3853959
aoi_54,2.1681178,41.3850739
aoi_54,2.1681608,41.3848485
aoi_54,2.1685685,41.3848968
aoi_54,2.1683753,41.3851866
aoi_54,2.1681178,41.3850739
aoi_55,2.1689762,41.3851061
aoi_55,2.1690834,41.3846714
aoi_55,2.168547,41.3844299
aoi_55,2.168783,41.3842529
aoi_55,2.1690834,41.3844139
aoi_55,2.1693838,41.384108
aoi_55,2.1691264,41.383947
aoi_55,2.1694911,41.383786
aoi_55,2.1692551,41.3836894
aoi_55,2.1696199,41.3834479
aoi_55,2.1701992,41.383625
aoi_55,2.1700276,41.3838343
aoi_55,2.1707357,41.3841241
aoi_55,2.1707786,41.3843495
aoi_55,2.1712721,41.3844139
aoi_55,2.1705426,41.3850578
aoi_55,2.170092,41.3850256
aoi_55,2.1689762,41.3851061
aoi_56,2.1679278,41.3899702
aoi_56,2.1685286,41.3903727
aoi_56,2.1682067,41.3906142
aoi_56,2.1676488,41.3901956
aoi_56,2.1679278,41.3899702
aoi_57,2.1729489,41.3909844
aoi_57,2.1726699,41.390759
aoi_57,2.1729703,41.3904854
aoi_57,2.1732922,41.3906785
aoi_57,2.1729489,41.3909844
aoi_58,2.1647189,41.38369
aoi_58,2.1643756,41.3833519
aoi_58,2.1660278,41.3817419
aoi_58,2.1667359,41.3823376
aoi_58,2.1655772,41.3834485
aoi_58,2.1647189,41.38369
aoi_59,2.164633,41.3825276
aoi_59,2.1647832,41.3823183
aoi_59,2.1650193,41.382431
aoi_59,2.1648047,41.3826242
aoi_59,2.164633,41.3825276
aoi_60,2.1573374,41.3798711
aoi_60,2.1571872,41.3797906
aoi_60,2.1575949,41.3795491
aoi_60,2.1579597,41.3797906
aoi_60,2.1575735,41.3800321
aoi_60,2.1573374,41.3798711
aoi_61,2.1489689,41.3766992
aoi_61,2.1487973,41.3765865
aoi_61,2.1486471,41.3764254
aoi_61,2.1486471,41.3762161
aoi_61,2.1487758,41.3760229
aoi_61,2.1489904,41.3758458
aoi_61,2.1493766,41.3757814
aoi_61,2.14972,41.3758941
aoi_61,2.1498916,41.3760229
aoi_61,2.1499775,41.3762322
aoi_61,2.1499989,41.376361
aoi_61,2.1498916,41.3765865
aoi_61,2.1497629,41.3766992
aoi_61,2.1495054,41.3768119
aoi_61,2.149205,41.3768119
aoi_61,2.1489689,41.3766992
aoi_62,2.0757955,41.3650501
aoi_62,2.0752376,41.3644703
aoi_62,2.0740574,41.3632142
aoi_62,2.0750659,41.3626988
aoi_62,2.0741647,41.3617808
aoi_62,2.0737784,41.3613782
aoi_62,2.0735424,41.3608467
aoi_62,2.072491,41.3609273
aoi_62,2.0722979,41.360267
aoi_62,2.0721477,41.3594778
aoi_62,2.0718687,41.3595905
aoi_62,2.071461,41.359365
aoi_62,2.0710319,41.3591235
aoi_62,2.0718043,41.3583826
aoi_62,2.0722335,41.358592
aoi_62,2.0740145,41.356772
aoi_62,2.0772331,41.3582698
aoi_62,2.0778769,41.3570941
aoi_62,2.0791858,41.3574484
aoi_62,2.0797008,41.3577383
aoi_62,2.080087,41.3578511
aoi_62,2.0805591,41.357996
aoi_62,2.0807951,41.3582537
aoi_62,2.0800441,41.3590751
aoi_62,2.0805161,41.3593973
aoi_62,2.0805805,41.3595744
aoi_62,2.0809453,41.3595744
aoi_62,2.0810311,41.359816
aoi_62,2.0813959,41.3600737
aoi_62,2.0810526,41.3603797
aoi_62,2.0807307,41.3612172
aoi_62,2.0811599,41.3614265
aoi_62,2.0809668,41.362103
aoi_62,2.080602,41.3620868
aoi_62,2.0804089,41.3622962
aoi_62,2.0797651,41.3621191
aoi_62,2.0783275,41.3623445
aoi_62,2.0786708,41.363037
aoi_62,2.0777696,41.3631176
aoi_62,2.0774906,41.3625539
aoi_62,2.0764821,41.362731
aoi_62,2.0761817,41.3629243
aoi_62,2.0762461,41.3631176
aoi_62,2.0765894,41.3635685
aoi_62,2.0773619,41.3642932
aoi_62,2.0767825,41.3643898
aoi_62,2.0766108,41.364261
aoi_62,2.0767611,41.364728
aoi_62,2.0765465,41.3649213
aoi_62,2.0757955,41.3650501
aoi_63,2.1515653,41.3765425
aoi_63,2.1507928,41.3760594
aoi_63,2.1519516,41.3752704
aoi_63,2.1523593,41.3755925
aoi_63,2.1520588,41.3758179
aoi_63,2.1518228,41.3757052
aoi_63,2.1516941,41.375834
aoi_63,2.1521447,41.3761882
aoi_63,2.1515653,41.3765425
aoi_64,2.1312883,41.3758687
aoi_64,2.131224,41.3754178
aoi_64,2.1315673,41.3754017
aoi_64,2.1316102,41.3749831
aoi_64,2.1322754,41.3750958
aoi_64,2.1326831,41.3745483
aoi_64,2.1330049,41.3744839
aoi_64,2.1331122,41.3742424
aoi_64,2.1335414,41.3740331
aoi_64,2.1340993,41.3740492
aoi_64,2.1344426,41.3741297
aoi_64,2.1347216,41.3742585
aoi_64,2.134979,41.3747255
aoi_64,2.1342924,41.3747738
aoi_64,2.1341637,41.3750153
aoi_64,2.1348288,41.3749348
aoi_64,2.1351078,41.3750475
aoi_64,2.1359232,41.3749187
aoi_64,2.137039,41.3750153
aoi_64,2.1370175,41.3748221
aoi_64,2.1386483,41.3749831
aoi_64,2.1386483,41.3746932
aoi_64,2.1393564,41.3747255
aoi_64,2.1394422,41.3744034
aoi_64,2.1400001,41.3744678
aoi_64,2.1401074,41.3743229
aoi_64,2.1404293,41.3744034
aoi_64,2.1405366,41.3746449
aoi_64,2.1404508,41.3749026
aoi_64,2.1409014,41.3749348
aoi_64,2.1416738,41.3749026
aoi_64,2.1424034,41.3745966
aoi_64,2.142618,41.3745161
aoi_64,2.1425965,41.3749831
aoi_64,2.1432617,41.3748865
aoi_64,2.1433046,41.3745966
aoi_64,2.1443346,41.3745966
aoi_64,2.1443775,41.3747738
aoi_64,2.1446565,41.3748543
aoi_64,2.146137,41.3747899
aoi_64,2.1463302,41.3746127
aoi_64,2.1464804,41.374661
aoi_64,2.1465876,41.3747738
aoi_64,2.1467808,41.374661
aoi_64,2.1472743,41.3747255
aoi_64,2.1473601,41.3743873
aoi_64,2.1475962,41.3740814
aoi_64,2.1480039,41.3742102
aoi_64,2.1477893,41.3744517
aoi_64,2.1478322,41.374661
aoi_64,2.1480039,41.3748382
aoi_64,2.1483901,41.3748382
aoi_64,2.1486905,41.3754822
aoi_64,2.1485188,41.3758848
aoi_64,2.1482828,41.3760297
aoi_64,2.1479609,41.3759975
aoi_64,2.1475747,41.3756755
aoi_64,2.1474889,41.3755305
aoi_64,2.1472743,41.3756916
aoi_64,2.1470383,41.3758848
aoi_64,2.1463087,41.3756594
aoi_64,2.1457937,41.3756755
aoi_64,2.1457293,41.3755305
aoi_64,2.1452787,41.3755788
aoi_64,2.1449998,41.3757882
aoi_64,2.1447637,41.3757882
aoi_64,2.1447852,41.3755788
aoi_64,2.1443775,41.3755788
aoi_64,2.1437982,41.376078
aoi_64,2.1432832,41.3758204
aoi_64,2.1430257,41.3756594
aoi_64,2.142854,41.3753856
aoi_64,2.1425751,41.3756111
aoi_64,2.1409657,41.3756755
aoi_64,2.1409657,41.3759653
aoi_64,2.1405151,41.3760297
aoi_64,2.1400216,41.3760941
aoi_64,2.1400216,41.3756594
aoi_64,2.1397427,41.375756
aoi_64,2.1390989,41.3757882
aoi_64,2.1390989,41.3759492
aoi_64,2.1394637,41.375917
aoi_64,2.139571,41.3765127
aoi_64,2.13882,41.3765288
aoi_64,2.1388843,41.3773661
aoi_64,2.1379187,41.3773661
aoi_64,2.1377471,41.3766415
aoi_64,2.1378544,41.3759975
aoi_64,2.1379617,41.3757399
aoi_64,2.1376827,41.375756
aoi_64,2.1376827,41.3759331
aoi_64,2.1373179,41.3758848
aoi_64,2.1372965,41.3757077
aoi_64,2.1369961,41.3757077
aoi_64,2.1366742,41.3759653
aoi_64,2.1361592,41.3759009
aoi_64,2.1338203,41.3758687
aoi_64,2.1336058,41.3762068
aoi_64,2.1330264,41.3761907
aoi_64,2.1329191,41.3758848
aoi_64,2.1312883,41.3758687
aoi_65,2.1300148,41.3758156
aoi_65,2.1297573,41.3759605
aoi_65,2.1292637,41.3759766
aoi_65,2.128899,41.3757995
aoi_65,2.1287058,41.3760732
aoi_65,2.1284698,41.3760732
aoi_65,2.1282767,41.3759766
aoi_65,2.1281265,41.3761215
aoi_65,2.1276115,41.3760732
aoi_65,2.1276759,41.3759122
aoi_65,2.1275042,41.3758639
aoi_65,2.127354,41.3760732
aoi_65,2.1269678,41.3759444
aoi_65,2.1259807,41.3770232
aoi_65,2.1264528,41.3772003
aoi_65,2.126839,41.3775545
aoi_65,2.1287702,41.3785367
aoi_65,2.1289419,41.3782952
aoi_65,2.1292208,41.3784401
aoi_65,2.1287058,41.3795833
aoi_65,2.1278046,41.3790358
aoi_65,2.1276115,41.3791485
aoi_65,2.1266674,41.3786172
aoi_65,2.1266674,41.378424
aoi_65,2.1259163,41.3780054
aoi_65,2.1255301,41.3786333
aoi_65,2.1253799,41.3785528
aoi_65,2.125058,41.3787782
aoi_65,2.1244572,41.3783435
aoi_65,2.1251224,41.3775706
aoi_65,2.1248864,41.3775384
aoi_65,2.1243714,41.3782791
aoi_65,2.1240281,41.3786494
aoi_65,2.1232556,41.378263
aoi_65,2.1235989,41.3779249
aoi_65,2.1232127,41.3777478
aoi_65,2.1233843,41.377313
aoi_65,2.1236847,41.3771037
aoi_65,2.1239208,41.3772486
aoi_65,2.1240066,41.3770232
aoi_65,2.1239852,41.3768139
aoi_65,2.1235131,41.3766046
aoi_65,2.123041,41.3771037
aoi_65,2.1217536,41.3764597
aoi_65,2.1217536,41.3762342
aoi_65,2.1218179,41.3759283
aoi_65,2.1214746,41.3759122
aoi_65,2.1212815,41.3757995
aoi_65,2.1214532,41.3754614
aoi_65,2.1217965,41.3753325
aoi_65,2.1224187,41.3752842
aoi_65,2.1234058,41.3752681
aoi_65,2.1241354,41.3752842
aoi_65,2.1243499,41.3751715
aoi_65,2.1257232,41.375252
aoi_65,2.1257661,41.3751071
aoi_65,2.1260451,41.3745919
aoi_65,2.126324,41.3743503
aoi_65,2.1280407,41.3749783
aoi_65,2.1284698,41.3750266
aoi_65,2.1289848,41.3751554
aoi_65,2.1294998,41.3750749
aoi_65,2.129886,41.3751554
aoi_65,2.1297573,41.3755419
aoi_65,2.1300577,41.3755419
aoi_65,2.1300148,41.3758156
aoi_66,2.1198319,41.3775029
aoi_66,2.1195101,41.3772774
aoi_66,2.1193813,41.3771164
aoi_66,2.1191238,41.3770198
aoi_66,2.1193384,41.3767139
aoi_66,2.1196174,41.3762952
aoi_66,2.119038,41.3762308
aoi_66,2.1186089,41.3761342
aoi_66,2.1186089,41.3759249
aoi_66,2.1176647,41.3756512
aoi_66,2.1178578,41.3752325
aoi_66,2.1176433,41.3751681
aoi_66,2.1178149,41.3748944
aoi_66,2.1180295,41.3748461
aoi_66,2.1183943,41.3742664
aoi_66,2.1186947,41.3738478
aoi_66,2.1182655,41.3736707
aoi_66,2.1179651,41.3737512
aoi_66,2.1179437,41.3735579
aoi_66,2.1181368,41.3731554
aoi_66,2.118287,41.3731715
aoi_66,2.1185445,41.3728494
aoi_66,2.1190166,41.3731554
aoi_66,2.1193384,41.3726884
aoi_66,2.1189522,41.3725274
aoi_66,2.1199607,41.3715451
aoi_66,2.121334,41.3723825
aoi_66,2.120583,41.3735901
aoi_66,2.1212696,41.3739283
aoi_66,2.1218919,41.3741376
aoi_66,2.1216129,41.374508
aoi_66,2.1220206,41.3747334
aoi_66,2.1218061,41.3748622
aoi_66,2.1219563,41.374991
aoi_66,2.1212696,41.375458
aoi_66,2.1209907,41.3755224
aoi_66,2.1211409,41.3760054
aoi_66,2.1206688,41.3765207
aoi_66,2.1207117,41.3766817
aoi_66,2.1205401,41.3768105
aoi_66,2.1207332,41.3769071
aoi_66,2.1203469,41.3772774
aoi_66,2.1201324,41.3772291
aoi_66,2.1198319,41.3775029
aoi_67,2.0555673,41.3701362
aoi_67,2.0541082,41.3693633
aoi_67,2.0552884,41.368075
aoi_67,2.0554386,41.3674953
aoi_67,2.0547305,41.3670766
aoi_67,2.0549665,41.3668189
aoi_67,2.055503,41.3669961
aoi_67,2.0562754,41.3663841
aoi_67,2.0556317,41.3660459
aoi_67,2.0553313,41.3658849
aoi_67,2.0560823,41.364967
aoi_67,2.0564256,41.3646288
aoi_67,2.057241,41.3651441
aoi_67,2.0566188,41.3656755
aoi_67,2.0568119,41.365901
aoi_67,2.0573054,41.3654179
aoi_67,2.0593653,41.3648381
aoi_67,2.0605884,41.3660942
aoi_67,2.0608674,41.3658044
aoi_67,2.0619617,41.3665129
aoi_67,2.0606313,41.3678657
aoi_67,2.0607172,41.368075
aoi_67,2.0604168,41.3682683
aoi_67,2.0599232,41.3684132
aoi_67,2.059022,41.3679462
aoi_67,2.0586358,41.3679301
aoi_67,2.0578204,41.3689446
aoi_67,2.0563398,41.368236
aoi_67,2.0563827,41.3698786
aoi_67,2.0562111,41.3700396
aoi_67,2.0557605,41.3698142
aoi_67,2.0555673,41.3701362
aoi_68,2.2121522,41.4504815
aoi_68,2.2121092,41.4502563
aoi_68,2.2124955,41.4501759
aoi_68,2.2126028,41.4503528
aoi_68,2.2121522,41.4504815
aoi_69,2.0458617,41.3830631
aoi_69,2.0441236,41.3827733
aoi_69,2.0439734,41.3820649
aoi_69,2.0436945,41.3821454
aoi_69,2.0432653,41.3821132
aoi_69,2.0432653,41.3817912
aoi_69,2.042686,41.3822581
aoi_69,2.0418062,41.3820005
aoi_69,2.042407,41.3811311
aoi_69,2.0429006,41.3813243
aoi_69,2.0432868,41.3810989
aoi_69,2.043437,41.3806481
aoi_69,2.0435228,41.3803583
aoi_69,2.0420637,41.3797465
aoi_69,2.0422568,41.379199
aoi_69,2.0439734,41.3798753
aoi_69,2.0438232,41.3801329
aoi_69,2.0442095,41.3802939
aoi_69,2.0439949,41.3805193
aoi_69,2.0443597,41.3805515
aoi_69,2.0449819,41.3798753
aoi_69,2.0455613,41.3795533
aoi_69,2.0464411,41.3792312
aoi_69,2.0472994,41.379038
aoi_69,2.0479217,41.3790541
aoi_69,2.0483293,41.3801329
aoi_69,2.0482864,41.3820166
aoi_69,2.0477714,41.382081
aoi_69,2.0473852,41.3820488
aoi_69,2.0471921,41.3816302
aoi_69,2.0462909,41.3816785
aoi_69,2.0462694,41.3812921
aoi_69,2.0456257,41.3813887
aoi_69,2.0458188,41.3818717
aoi_69,2.0459261,41.3823225
aoi_69,2.0462694,41.3829182
aoi_69,2.0458617,41.3830631
aoi_70,2.2060184,41.4545516
aoi_70,2.2059111,41.4540691
aoi_70,2.2061257,41.4537796
aoi_70,2.2060613,41.4535545
aoi_70,2.2064046,41.4531846
aoi_70,2.2065763,41.4526539
aoi_70,2.2052674,41.4524609
aoi_70,2.2052674,41.4522518
aoi_70,2.2047953,41.4520266
aoi_70,2.2056322,41.4514798
aoi_70,2.2058897,41.4511903
aoi_70,2.2058038,41.4509652
aoi_70,2.2059969,41.4507883
aoi_70,2.2062973,41.4508526
aoi_70,2.2065334,41.450161
aoi_70,2.2066621,41.4500002
aoi_70,2.2067265,41.4498072
aoi_70,2.2064905,41.4497268
aoi_70,2.2067265,41.4495659
aoi_70,2.2061686,41.4493408
aoi_70,2.2062973,41.4490191
aoi_70,2.2068552,41.4491799
aoi_70,2.2072844,41.4486009
aoi_70,2.2066407,41.4483114
aoi_70,2.2068982,41.448038
aoi_70,2.2071557,41.4481345
aoi_70,2.2071127,41.4483758
aoi_70,2.2072844,41.448424
aoi_70,2.2074775,41.448038
aoi_70,2.2076277,41.4475072
aoi_70,2.2073059,41.4474911
aoi_70,2.2068123,41.4474268
aoi_70,2.2062544,41.447089
aoi_70,2.2058253,41.4470569
aoi_70,2.2059755,41.4472981
aoi_70,2.2058253,41.447459
aoi_70,2.2053747,41.4472981
aoi_70,2.205954,41.4465904
aoi_70,2.2076492,41.4446121
aoi_70,2.2098379,41.445175
aoi_70,2.2105245,41.4456254
aoi_70,2.2108678,41.4456254
aoi_70,2.2112112,41.4453841
aoi_70,2.2123484,41.446124
aoi_70,2.2122626,41.4463974
aoi_70,2.211533,41.4462527
aoi_70,2.2114901,41.4469443
aoi_70,2.2111897,41.4473303
aoi_70,2.2109966,41.4479576
aoi_70,2.211812,41.4481827
aoi_70,2.2121338,41.4481667
aoi_70,2.2122411,41.4483436
aoi_70,2.2129492,41.4485527
aoi_70,2.2136788,41.4486653
aoi_70,2.2134428,41.4493408
aoi_70,2.2130565,41.4495659
aoi_70,2.2126703,41.4494051
aoi_70,2.2125415,41.4491638
aoi_70,2.211297,41.4493408
aoi_70,2.2113828,41.4496463
aoi_70,2.2115759,41.4496142
aoi_70,2.2116832,41.4499358
aoi_70,2.2113828,41.4499519
aoi_70,2.2116403,41.450547
aoi_70,2.2113614,41.4506596
aoi_70,2.2117476,41.4514155
aoi_70,2.210267,41.4522679
aoi_70,2.2091727,41.4526539
aoi_70,2.2096447,41.4532328
aoi_70,2.2089152,41.4535545
aoi_70,2.2084002,41.4537796
aoi_70,2.2074346,41.4537796
aoi_70,2.2070913,41.4537153
aoi_70,2.2073917,41.454037
aoi_70,2.2069411,41.4542299
aoi_70,2.2069411,41.454439
aoi_70,2.2065334,41.4545677
aoi_70,2.2060184,41.4545516
aoi_71,2.212607,41.4474569
aoi_71,2.2128001,41.4471674
aoi_71,2.2132507,41.44728
aoi_71,2.2131864,41.4474569
aoi_71,2.2132293,41.4476017
aoi_71,2.2126285,41.4475695
aoi_71,2.212607,41.4474569
aoi_72,2.2128001,41.4512982
aoi_72,2.2131649,41.4502849
aoi_72,2.2133366,41.4500598
aoi_72,2.2134653,41.4498989
aoi_72,2.2134438,41.4496738
aoi_72,2.2137013,41.4495612
aoi_72,2.2139588,41.4487892
aoi_72,2.2136788,41.4486653
aoi_72,2.2141305,41.4480493
aoi_72,2.2131649,41.447985
aoi_72,2.2132293,41.4476017
aoi_72,2.2143451,41.446071
aoi_72,2.2151605,41.4462319
aoi_72,2.2155252,41.4463284
aoi_72,2.2156325,41.4464892
aoi_72,2.2160831,41.4465375
aoi_72,2.2160188,41.4467787
aoi_72,2.215654,41.4469556
aoi_72,2.2153965,41.447406
aoi_72,2.2155467,41.4476794
aoi_72,2.2159759,41.4478885
aoi_72,2.2170702,41.4482584
aoi_72,2.2178856,41.4470361
aoi_72,2.2184649,41.4473577
aoi_72,2.2189156,41.4469878
aoi_72,2.2200314,41.4477759
aoi_72,2.2197095,41.4481298
aoi_72,2.2200743,41.4484193
aoi_72,2.2202459,41.448371
aoi_72,2.2209755,41.4488696
aoi_72,2.2200957,41.4495612
aoi_72,2.2199884,41.4498185
aoi_72,2.2203318,41.4496094
aoi_72,2.2206322,41.4498185
aoi_72,2.2208038,41.4497381
aoi_72,2.2218982,41.4507192
aoi_72,2.2220913,41.4505744
aoi_72,2.222735,41.4511856
aoi_72,2.221984,41.451652
aoi_72,2.2221342,41.4517967
aoi_72,2.2214905,41.4521827
aoi_72,2.2199455,41.4509122
aoi_72,2.2199884,41.4511856
aoi_72,2.220203,41.4514751
aoi_72,2.2204391,41.4516842
aoi_72,2.2206536,41.4518611
aoi_72,2.2210184,41.4520058
aoi_72,2.221233,41.4521023
aoi_72,2.2206107,41.4525365
aoi_72,2.2203747,41.4524079
aoi_72,2.2200957,41.4526491
aoi_72,2.2199026,41.4525687
aoi_72,2.2193662,41.4528582
aoi_72,2.2188512,41.4523757
aoi_72,2.2186795,41.4521988
aoi_72,2.219216,41.4518611
aoi_72,2.2185508,41.4517646
aoi_72,2.2184006,41.4519254
aoi_72,2.2182075,41.4519093
aoi_72,2.2175852,41.4518932
aoi_72,2.2168342,41.4518932
aoi_72,2.2161046,41.4517324
aoi_72,2.2157398,41.4515877
aoi_72,2.2154394,41.4516681
aoi_72,2.2152678,41.4514268
aoi_72,2.2151819,41.4515877
aoi_72,2.214903,41.4514912
aoi_72,2.2143022,41.4513786
aoi_72,2.2144094,41.4511695
aoi_72,2.2140232,41.4511052
aoi_72,2.2137872,41.4513786
aoi_72,2.2128001,41.4512982
aoi_73,2.2202039,41.4355715
aoi_73,2.2195173,41.4352176
aoi_73,2.2192169,41.4352337
aoi_73,2.2190881,41.435105
aoi_73,2.2191525,41.434928
aoi_73,2.218616,41.4347189
aoi_73,2.21838,41.434751
aoi_73,2.217629,41.4344132
aoi_73,2.2176505,41.4342523
aoi_73,2.2171569,41.4340271
aoi_73,2.2169638,41.4343328
aoi_73,2.2162128,41.4339306
aoi_73,2.2166419,41.4336732
aoi_73,2.2159982,41.4333675
aoi_73,2.215612,41.4330136
aoi_73,2.2149468,41.4331745
aoi_73,2.2146249,41.4329814
aoi_73,2.2143245,41.432531
aoi_73,2.214818,41.4322897
aoi_73,2.2148824,41.4324184
aoi_73,2.2152901,41.4322414
aoi_73,2.2154403,41.4322092
aoi_73,2.2147108,41.4314853
aoi_73,2.2149897,41.4313566
aoi_73,2.214818,41.4312118
aoi_73,2.215333,41.4307774
aoi_73,2.2155476,41.431067
aoi_73,2.2163201,41.4307292
aoi_73,2.2166205,41.4309866
aoi_73,2.2168136,41.4308579
aoi_73,2.2165347,41.4306165
aoi_73,2.2170282,41.4302787
aoi_73,2.2167063,41.4299408
aoi_73,2.2170926,41.4296834
aoi_73,2.2172857,41.429796
aoi_73,2.2175002,41.429603
aoi_73,2.2176934,41.4297317
aoi_73,2.2183156,41.4294904
aoi_73,2.2189594,41.4302787
aoi_73,2.2191096,41.4301661
aoi_73,2.2187233,41.4296834
aoi_73,2.218895,41.429603
aoi_73,2.2187233,41.4293456
aoi_73,2.2189165,41.429249
aoi_73,2.2191954,41.4291847
aoi_73,2.2196889,41.4283159
aoi_73,2.2204185,41.4287986
aoi_73,2.2214055,41.4297317
aoi_73,2.2217703,41.4301822
aoi_73,2.2206974,41.4315496
aoi_73,2.2204829,41.4314853
aoi_73,2.2200537,41.4319679
aoi_73,2.2193671,41.4323219
aoi_73,2.2212124,41.4333193
aoi_73,2.2216416,41.432901
aoi_73,2.2223711,41.4333675
aoi_73,2.2216416,41.4342523
aoi_73,2.2212983,41.4342363
aoi_73,2.2202039,41.4355715
aoi_74,2.2149682,41.4323058
aoi_74,2.214582,41.4319358
aoi_74,2.2148395,41.4317588
aoi_74,2.2152901,41.4322414
aoi_74,2.2149682,41.4323058
aoi_75,2.2206331,41.428332
aoi_75,2.2211266,41.4279941
aoi_75,2.2217489,41.4285733
aoi_75,2.2220707,41.4284607
aoi_75,2.2222424,41.4287342
aoi_75,2.2220493,41.4288951
aoi_75,2.2218776,41.4290882
aoi_75,2.221663,41.4293295
aoi_75,2.2206331,41.428332
aoi_76,2.2312761,41.435668
aoi_76,2.2301388,41.4347189
aoi_76,2.2309971,41.4341236
aoi_76,2.2308255,41.4339789
aoi_76,2.2314907,41.4335445
aoi_76,2.2309757,41.4330458
aoi_76,2.231083,41.4329171
aoi_76,2.2303963,41.4323701
aoi_76,2.2301388,41.4322092
aoi_76,2.2305036,41.4318392
aoi_76,2.2299028,41.4313888
aoi_76,2.2304607,41.4310831
aoi_76,2.2306109,41.431244
aoi_76,2.2311688,41.4308096
aoi_76,2.2305894,41.4304235
aoi_76,2.2311044,41.4300213
aoi_76,2.2313404,41.4302626
aoi_76,2.2315121,41.43015
aoi_76,2.2316838,41.430327
aoi_76,2.231834,41.4302143
aoi_76,2.231319,41.4298443
aoi_76,2.2315979,41.429603
aoi_76,2.23207,41.4299408
aoi_76,2.232585,41.429603
aoi_76,2.2324133,41.4294743
aoi_76,2.2333146,41.4288468
aoi_76,2.2337652,41.4291364
aoi_76,2.2333146,41.429603
aoi_76,2.2335291,41.4298604
aoi_76,2.2331429,41.4301822
aoi_76,2.2336793,41.4307452
aoi_76,2.2340012,41.4305361
aoi_76,2.2343016,41.4307774
aoi_76,2.2345376,41.4306809
aoi_76,2.2355462,41.4316783
aoi_76,2.2358251,41.4315979
aoi_76,2.236147,41.4313727
aoi_76,2.236383,41.4316783
aoi_76,2.2365332,41.4320805
aoi_76,2.2359753,41.4324023
aoi_76,2.2362543,41.4326597
aoi_76,2.2356749,41.433078
aoi_76,2.235868,41.4332549
aoi_76,2.2361255,41.4331262
aoi_76,2.2371126,41.4341397
aoi_76,2.235632,41.4350406
aoi_76,2.235353,41.434735
aoi_76,2.2350955,41.4348315
aoi_76,2.2347093,41.4343971
aoi_76,2.234881,41.4342684
aoi_76,2.2347093,41.434011
aoi_76,2.2342158,41.434365
aoi_76,2.2340441,41.4342202
aoi_76,2.2334433,41.4345741
aoi_76,2.2332073,41.4343971
aoi_76,2.2326923,41.4347671
aoi_76,2.2329712,41.4350084
aoi_76,2.2327567,41.4352176
aoi_76,2.2330356,41.4354589
aoi_76,2.2325635,41.4357163
aoi_76,2.23207,41.4352015
aoi_76,2.2312761,41.435668
aoi_77,2.2422717,41.4414187
aoi_77,2.2419928,41.4410487
aoi_77,2.2413491,41.4415313
aoi_77,2.2408341,41.4411935
aoi_77,2.2422503,41.4402444
aoi_77,2.242658,41.4405179
aoi_77,2.2438167,41.4398745
aoi_77,2.2442888,41.4404214
aoi_77,2.2428296,41.44129
aoi_77,2.2422717,41.4414187
aoi_78,2.2444209,41.4398862
aoi_78,2.2439488,41.4392428
aoi_78,2.2437343,41.4393393
aoi_78,2.2436484,41.4390497
aoi_78,2.2434553,41.4390819
aoi_78,2.2432837,41.4388567
aoi_78,2.2436055,41.438728
aoi_78,2.2435411,41.4385189
aoi_78,2.2432837,41.4386476
aoi_78,2.2430262,41.4383741
aoi_78,2.2427258,41.4385511
aoi_78,2.2423824,41.4380685
aoi_78,2.2421893,41.4376502
aoi_78,2.242876,41.4374733
aoi_78,2.2433909,41.4380524
aoi_78,2.243863,41.4378111
aoi_78,2.2441205,41.4378755
aoi_78,2.243863,41.4380524
aoi_78,2.2448286,41.4396771
aoi_78,2.2444209,41.4398862
aoi_79,2.2423729,41.4481005
aoi_79,2.2419223,41.4477466
aoi_79,2.2416648,41.4474893
aoi_79,2.2414288,41.4472159
aoi_79,2.2408494,41.4468459
aoi_79,2.2405061,41.4465886
aoi_79,2.2400984,41.446862
aoi_79,2.2397765,41.4466207
aoi_79,2.2393474,41.4468298
aoi_79,2.2391113,41.4467012
aoi_79,2.2393688,41.4464921
aoi_79,2.2391757,41.4463473
aoi_79,2.2399267,41.4459613
aoi_79,2.2390899,41.4454144
aoi_79,2.2410425,41.4437416
aoi_79,2.2425875,41.4450927
aoi_79,2.2420939,41.4454466
aoi_79,2.2424802,41.4458165
aoi_79,2.243596,41.444948
aoi_79,2.2440895,41.4452214
aoi_79,2.2447547,41.4458165
aoi_79,2.2450336,41.4460739
aoi_79,2.2444114,41.4465725
aoi_79,2.2434672,41.4459774
aoi_79,2.2430166,41.4463473
aoi_79,2.244583,41.4475214
aoi_79,2.2438749,41.4482131
aoi_79,2.2436818,41.4484221
aoi_79,2.2429308,41.4479557
aoi_79,2.2423729,41.4481005
aoi_80,2.2512689,41.4520207
aoi_80,2.2528782,41.450734
aoi_80,2.2536293,41.4512326
aoi_80,2.2519341,41.452471
aoi_80,2.2512689,41.4520207
aoi_81,2.2462693,41.4534842
aoi_81,2.2456041,41.4530982
aoi_81,2.2457328,41.4529856
aoi_81,2.2453895,41.4528087
aoi_81,2.2455612,41.4525675
aoi_81,2.245411,41.452471
aoi_81,2.2457328,41.4523102
aoi_81,2.2454324,41.4521011
aoi_81,2.2454539,41.4519563
aoi_81,2.2456255,41.451892
aoi_81,2.2457972,41.4517473
aoi_81,2.2460118,41.4517955
aoi_81,2.2462264,41.4517151
aoi_81,2.2464195,41.4518438
aoi_81,2.2466555,41.4517473
aoi_81,2.2468057,41.4519563
aoi_81,2.2472134,41.4523102
aoi_81,2.2467843,41.4526961
aoi_81,2.2469345,41.4528248
aoi_81,2.2467628,41.453066
aoi_81,2.2462693,41.4534842
aoi_82,2.2493592,41.4526101
aoi_82,2.2486082,41.4515647
aoi_82,2.2480503,41.4511787
aoi_82,2.2477069,41.450841
aoi_82,2.2475353,41.4507123
aoi_82,2.246913,41.4512109
aoi_82,2.2463122,41.4508088
aoi_82,2.2466126,41.4502459
aoi_82,2.2458401,41.4498277
aoi_82,2.2455612,41.4496347
aoi_82,2.245926,41.4489753
aoi_82,2.2465268,41.4492005
aoi_82,2.2467628,41.448911
aoi_82,2.2462264,41.4486215
aoi_82,2.2466984,41.4481872
aoi_82,2.2466341,41.4480586
aoi_82,2.2467628,41.447946
aoi_82,2.2464195,41.4477208
aoi_82,2.2467413,41.4472865
aoi_82,2.2472778,41.4476082
aoi_82,2.248458,41.4482998
aoi_82,2.2486511,41.4478977
aoi_82,2.2480503,41.4474956
aoi_82,2.248458,41.4469166
aoi_82,2.2492948,41.4474474
aoi_82,2.2496381,41.4471096
aoi_82,2.2487369,41.4465628
aoi_82,2.2493163,41.446032
aoi_82,2.2506681,41.4469166
aoi_82,2.252256,41.4482998
aoi_82,2.2518483,41.448525
aoi_82,2.2515479,41.448525
aoi_82,2.2507968,41.4479621
aoi_82,2.2505608,41.4481551
aoi_82,2.2501746,41.4480103
aoi_82,2.2501102,41.4482516
aoi_82,2.2495952,41.4486697
aoi_82,2.2506466,41.4495222
aoi_82,2.2508398,41.4493774
aoi_82,2.2515049,41.4499886
aoi_82,2.2506681,41.4505032
aoi_82,2.2497883,41.4497795
aoi_82,2.2495308,41.4499564
aoi_82,2.2498742,41.4502459
aoi_82,2.2490802,41.4508731
aoi_82,2.2495523,41.4512752
aoi_82,2.2497883,41.4511787
aoi_82,2.2500029,41.4513396
aoi_82,2.2498956,41.4515808
aoi_82,2.2500029,41.4517095
aoi_82,2.2502175,41.4517095
aoi_82,2.2503248,41.4518864
aoi_82,2.2493592,41.4526101
aoi_83,2.2513459,41.4505466
aoi_84,2.2515175,41.4503858
aoi_85,2.2516892,41.4504662
aoi_86,2.2514746,41.4506753
aoi_83,2.2513459,41.4505466
aoi_84,2.213455,41.4111338
aoi_84,2.2126396,41.4106349
aoi_84,2.2128327,41.4104579
aoi_84,2.2130044,41.4105223
aoi_84,2.2137554,41.4099268
aoi_84,2.2145064,41.4101682
aoi_84,2.2143133,41.4103131
aoi_84,2.2146566,41.4106028
aoi_84,2.214206,41.4109568
aoi_84,2.2138627,41.4107959
aoi_84,2.213455,41.4111338
aoi_85,2.2149999,41.4106028
aoi_85,2.2148068,41.4104579
aoi_85,2.219034,41.4114396
aoi_85,2.2191198,41.4112465
aoi_85,2.2194417,41.4113269
aoi_85,2.2194846,41.4114879
aoi_85,2.2193129,41.4116166
aoi_85,2.2149999,41.4106028
aoi_86,2.214442,41.4100096
aoi_86,2.2152789,41.409382
aoi_86,2.214957,41.4090762
aoi_86,2.2151716,41.4088509
aoi_86,2.2151287,41.4087061
aoi_86,2.2166092,41.4077082
aoi_86,2.2173388,41.4083359
aoi_86,2.2175534,41.4081428
aoi_86,2.2176607,41.4076439
aoi_86,2.2184117,41.4083842
aoi_86,2.2178752,41.4087221
aoi_86,2.2180684,41.4089957
aoi_86,2.2179182,41.4091567
aoi_86,2.2180684,41.4092532
aoi_86,2.2194846,41.4084807
aoi_86,2.2207506,41.4097843
aoi_86,2.2199996,41.4101544
aoi_86,2.2195919,41.4097199
aoi_86,2.2190554,41.4100257
aoi_86,2.2194417,41.4103958
aoi_86,2.2193344,41.4105729
aoi_86,2.2196133,41.4108947
aoi_86,2.2196133,41.4111683
aoi_86,2.2194417,41.4111522
aoi_86,2.2192485,41.4110717
aoi_86,2.218991,41.4111361
aoi_86,2.2145064,41.4101682
aoi_86,2.214442,41.4100096
aoi_87,2.1970311,41.3878383
aoi_87,2.1958509,41.3868401
aoi_87,2.1961728,41.3865504
aoi_87,2.1966448,41.3867758
aoi_87,2.1970311,41.3862928
aoi_87,2.1971598,41.3859547
aoi_87,2.1967092,41.3863089
aoi_87,2.1962801,41.3860352
aoi_87,2.1966234,41.3858581
aoi_87,2.1955076,41.3851014
aoi_87,2.1957865,41.3847956
aoi_87,2.1961084,41.3845541
aoi_87,2.1970096,41.3852141
aoi_87,2.1974173,41.3854073
aoi_87,2.1977606,41.3854556
aoi_87,2.1983185,41.3859547
aoi_87,2.198576,41.3863572
aoi_87,2.1978894,41.3868401
aoi_87,2.1974388,41.387146
aoi_87,2.1985546,41.3879993
aoi_87,2.1980611,41.3882085
aoi_87,2.1972886,41.3876129
aoi_87,2.1970311,41.3878383
aoi_88,2.1840491,41.3781201
aoi_88,2.184607,41.376671
aoi_88,2.1849933,41.3767676
aoi_88,2.1844139,41.3784582
aoi_88,2.1840491,41.3781201
aoi_89,2.1864095,41.3796336
aoi_89,2.1872463,41.3775566
aoi_89,2.1869245,41.3761558
aoi_89,2.1864739,41.3761397
aoi_89,2.1868386,41.3758659
aoi_89,2.1868172,41.3753185
aoi_89,2.187182,41.3752541
aoi_89,2.1880403,41.3750769
aoi_89,2.1882763,41.3751897
aoi_89,2.1877184,41.3741108
aoi_89,2.1882548,41.3739659
aoi_89,2.1888771,41.3751092
aoi_89,2.1894136,41.3750769
aoi_89,2.1893921,41.3755278
aoi_89,2.1896067,41.3756244
aoi_89,2.1892419,41.3764778
aoi_89,2.1886625,41.376349
aoi_89,2.1882978,41.3763007
aoi_89,2.1885123,41.3759142
aoi_89,2.1876326,41.376043
aoi_89,2.1877184,41.377154
aoi_89,2.1878042,41.3777981
aoi_89,2.1867957,41.3801488
aoi_89,2.186388,41.3804064
aoi_89,2.1865168,41.3807284
aoi_89,2.1864095,41.3809699
aoi_89,2.1853151,41.3815013
aoi_89,2.1847572,41.380986
aoi_89,2.1844568,41.3810826
aoi_89,2.1834483,41.3808411
aoi_89,2.183105,41.3807123
aoi_89,2.1832767,41.3803903
aoi_89,2.1834912,41.3804547
aoi_89,2.1846929,41.380664
aoi_89,2.1849289,41.3805191
aoi_89,2.1860018,41.3800361
aoi_89,2.1860447,41.3796497
aoi_89,2.1864095,41.3796336
aoi_90,2.1868601,41.3821955
aoi_90,2.1861305,41.3818252
aoi_90,2.1865382,41.3810685
aoi_90,2.186667,41.3808109
aoi_90,2.1866884,41.3805372
aoi_90,2.1875897,41.3783475
aoi_90,2.1883407,41.3785246
aoi_90,2.1905723,41.379072
aoi_90,2.1899715,41.3806821
aoi_90,2.1903792,41.3808431
aoi_90,2.1901002,41.3814549
aoi_90,2.1897354,41.3814066
aoi_90,2.1895208,41.3816803
aoi_90,2.1897998,41.3817608
aoi_90,2.1895852,41.3822599
aoi_90,2.1880188,41.3818735
aoi_90,2.1878901,41.3820828
aoi_90,2.1881476,41.3821633
aoi_90,2.1879974,41.3824048
aoi_90,2.1869674,41.3823082
aoi_90,2.1868601,41.3821955
aoi_91,2.1789007,41.3820477
aoi_91,2.1786003,41.3817418
aoi_91,2.1784071,41.3818545
aoi_91,2.1781496,41.3816291
aoi_91,2.1779351,41.3812749
aoi_91,2.1775059,41.3811783
aoi_91,2.1771841,41.3813071
aoi_91,2.1766262,41.3809207
aoi_91,2.1766262,41.3803894
aoi_91,2.1763687,41.3804699
aoi_91,2.1760683,41.3802767
aoi_91,2.1755747,41.3802445
aoi_91,2.1756606,41.3799869
aoi_91,2.1757678,41.3798098
aoi_91,2.1754674,41.3796005
aoi_91,2.1761326,41.3793107
aoi_91,2.1757464,41.3789725
aoi_91,2.1760253,41.3786988
aoi_91,2.1765189,41.378892
aoi_91,2.176476,41.3791013
aoi_91,2.1767764,41.3794073
aoi_91,2.1769695,41.3793268
aoi_91,2.1773128,41.3797615
aoi_91,2.1774845,41.3797615
aoi_91,2.1777205,41.3799708
aoi_91,2.1780209,41.3800513
aoi_91,2.1779565,41.3801801
aoi_91,2.1781926,41.3802606
aoi_91,2.180274,41.379359
aoi_91,2.1811323,41.3802767
aoi_91,2.1819691,41.3814681
aoi_91,2.1805529,41.3819511
aoi_91,2.1801023,41.3823214
aoi_91,2.1798019,41.3822409
aoi_91,2.1794157,41.3825951
aoi_91,2.1787075,41.3823697
aoi_91,2.1790294,41.3821604
aoi_91,2.1789007,41.3820477
aoi_92,2.1750285,41.3848269
aoi_92,2.1751573,41.3844244
aoi_92,2.1753719,41.3844083
aoi_92,2.1756293,41.3846015
aoi_92,2.1752431,41.3849396
aoi_92,2.1750285,41.3848269
aoi_93,2.1767237,41.382354
aoi_94,2.1764877,41.3821447
aoi_95,2.1767881,41.3819837
aoi_96,2.1769812,41.382193
aoi_97,2.1767237,41.382354
aoi_94,2.1808256,41.3889123
aoi_94,2.1807398,41.3886065
aoi_94,2.1811689,41.3884938
aoi_94,2.1811475,41.3887674
aoi_94,2.1808256,41.3889123
aoi_95,2.1772851,41.3892987
aoi_95,2.1764268,41.3887996
aoi_95,2.1762551,41.3889284
aoi_95,2.1759547,41.3884777
aoi_95,2.1766628,41.3879947
aoi_95,2.1770705,41.3883006
aoi_95,2.1773066,41.3881557
aoi_95,2.1776713,41.3883006
aoi_95,2.1774568,41.388526
aoi_95,2.1779288,41.3886548
aoi_95,2.1772851,41.3892987
aoi_96,2.1865778,41.3836721
aoi_96,2.1853333,41.3840424
aoi_96,2.1852689,41.3842355
aoi_96,2.1854191,41.3845092
aoi_96,2.1844535,41.3853464
aoi_96,2.1847968,41.3854752
aoi_96,2.1840243,41.386087
aoi_96,2.1830587,41.3868597
aoi_96,2.1827798,41.386747
aoi_96,2.1823077,41.3873105
aoi_96,2.1818571,41.38723
aoi_96,2.181664,41.3879222
aoi_96,2.1812134,41.3878739
aoi_96,2.1815138,41.3870046
aoi_96,2.1810846,41.3868758
aoi_96,2.1812348,41.3866343
aoi_96,2.1806555,41.386425
aoi_96,2.1806769,41.3862158
aoi_96,2.1806984,41.3859904
aoi_96,2.1804409,41.3859582
aoi_96,2.1808272,41.387069
aoi_96,2.1802049,41.3874554
aoi_96,2.1798401,41.3871978
aoi_96,2.179647,41.386747
aoi_96,2.1792607,41.3866182
aoi_96,2.1786599,41.3870207
aoi_96,2.1777372,41.3863124
aoi_96,2.1783166,41.3858133
aoi_96,2.1776085,41.3852659
aoi_96,2.1778016,41.3851532
aoi_96,2.1779304,41.3852981
aoi_96,2.1782308,41.3851854
aoi_96,2.1787243,41.3849278
aoi_96,2.1784453,41.3847346
aoi_96,2.178102,41.3848956
aoi_96,2.1777802,41.3847024
aoi_96,2.1778874,41.3845253
aoi_96,2.1770506,41.3845575
aoi_96,2.1767073,41.384316
aoi_96,2.1769219,41.3840102
aoi_96,2.1766429,41.3838331
aoi_96,2.1770721,41.3834306
aoi_96,2.1765356,41.3831247
aoi_96,2.1760635,41.3835433
aoi_96,2.1756773,41.3837848
aoi_96,2.1753769,41.3836077
aoi_96,2.1749048,41.3833179
aoi_96,2.1747761,41.3832052
aoi_96,2.1753769,41.3823197
aoi_96,2.1749692,41.3821426
aoi_96,2.1744328,41.3829959
aoi_96,2.1744113,41.3837204
aoi_96,2.1746903,41.3843804
aoi_96,2.1745401,41.3846863
aoi_96,2.174819,41.3848956
aoi_96,2.1745186,41.385282
aoi_96,2.1741753,41.3852015
aoi_96,2.1740036,41.3854591
aoi_96,2.1748834,41.3856362
aoi_96,2.1752482,41.3858455
aoi_96,2.1750765,41.3862158
aoi_96,2.1746903,41.3860548
aoi_96,2.1745401,41.3863768
aoi_96,2.1735315,41.386087
aoi_96,2.1733813,41.3863768
aoi_96,2.1729951,41.386248
aoi_96,2.1728664,41.3864411
aoi_96,2.1724587,41.3861997
aoi_96,2.1721583,41.3864089
aoi_96,2.1715145,41.3862158
aoi_96,2.1710425,41.3866021
aoi_96,2.1713429,41.3867953
aoi_96,2.1717076,41.3865699
aoi_96,2.1723728,41.3870851
aoi_96,2.1724587,41.3871978
aoi_96,2.1716862,41.3877291
aoi_96,2.1718793,41.3878417
aoi_96,2.1717935,41.3880188
aoi_96,2.1726089,41.3875037
aoi_96,2.1731024,41.3880349
aoi_96,2.1736817,41.3885501
aoi_96,2.174304,41.3885984
aoi_96,2.174304,41.3889525
aoi_96,2.1748405,41.3892262
aoi_96,2.1748834,41.3893711
aoi_96,2.1751194,41.3892423
aoi_96,2.1760206,41.3898058
aoi_96,2.174583,41.3911097
aoi_96,2.1739607,41.3905946
aoi_96,2.1735315,41.3905785
aoi_96,2.1731238,41.3902565
aoi_96,2.1731668,41.3899506
aoi_96,2.1729093,41.3900955
aoi_96,2.1725445,41.3898058
aoi_96,2.172287,41.3899345
aoi_96,2.1715145,41.3894355
aoi_96,2.1718793,41.3892262
aoi_96,2.1710854,41.3890169
aoi_96,2.1704416,41.3886789
aoi_96,2.1702485,41.3889847
aoi_96,2.1699696,41.3887594
aoi_96,2.1696692,41.3891779
aoi_96,2.169755,41.3892906
aoi_96,2.169004,41.3897253
aoi_96,2.1685534,41.3894516
aoi_96,2.1682744,41.3895643
aoi_96,2.1680813,41.3894194
aoi_96,2.1683388,41.3891779
aoi_96,2.167459,41.3886145
aoi_96,2.166987,41.3890974
aoi_96,2.1662359,41.3886789
aoi_96,2.1668582,41.3879705
aoi_96,2.1666651,41.3877613
aoi_96,2.1670299,41.3876325
aoi_96,2.166708,41.3874071
aoi_96,2.1669226,41.3871817
aoi_96,2.1674805,41.3873588
aoi_96,2.1681671,41.386747
aoi_96,2.1689611,41.3871173
aoi_96,2.1705426,41.3850578
aoi_96,2.171021,41.3855879
aoi_96,2.1704202,41.3859904
aoi_96,2.1705489,41.3862641
aoi_96,2.1713643,41.3857489
aoi_96,2.1710854,41.3854108
aoi_96,2.1711283,41.3851371
aoi_96,2.1714501,41.3850083
aoi_96,2.172008,41.3849439
aoi_96,2.1723299,41.3853786
aoi_96,2.1731024,41.38496
aoi_96,2.1735315,41.3846219
aoi_96,2.1733813,41.3843965
aoi_96,2.1735745,41.3842838
aoi_96,2.1733813,41.384139
aoi_96,2.1729093,41.3842194
aoi_96,2.1727376,41.3840746
aoi_96,2.1725445,41.3837848
aoi_96,2.1731453,41.3832052
aoi_96,2.1730166,41.3830925
aoi_96,2.1732097,41.3827383
aoi_96,2.1728234,41.3825129
aoi_96,2.1735315,41.382046
aoi_96,2.1734243,41.3818206
aoi_96,2.1730166,41.3817079
aoi_96,2.1723943,41.3813537
aoi_96,2.173038,41.3806131
aoi_96,2.1738749,41.3809673
aoi_96,2.1749692,41.379808
aoi_96,2.1753984,41.38013
aoi_96,2.1756129,41.3805003
aoi_96,2.1760421,41.3809351
aoi_96,2.1767073,41.3814986
aoi_96,2.1761065,41.3819011
aoi_96,2.1764877,41.3821447
aoi_96,2.1763425,41.3823036
aoi_96,2.1766429,41.3825612
aoi_96,2.1768575,41.3824807
aoi_96,2.1772223,41.3827383
aoi_96,2.1776729,41.3825773
aoi_96,2.1785526,41.3831891
aoi_96,2.1784024,41.383495
aoi_96,2.178617,41.3836721
aoi_96,2.1790247,41.3833179
aoi_96,2.1792607,41.3835272
aoi_96,2.1799259,41.3833662
aoi_96,2.1803551,41.3830925
aoi_96,2.1810632,41.3830764
aoi_96,2.1816425,41.3828671
aoi_96,2.1819644,41.382851
aoi_96,2.1823506,41.3826739
aoi_96,2.1827154,41.3826739
aoi_96,2.1829729,41.3825129
aoi_96,2.1835308,41.383334
aoi_96,2.1842604,41.3831569
aoi_96,2.1838527,41.3833179
aoi_96,2.1840887,41.3835594
aoi_96,2.1845608,41.3834145
aoi_96,2.1849256,41.3838009
aoi_96,2.1862774,41.3833018
aoi_96,2.186492,41.3832535
aoi_96,2.1865778,41.3836721
aoi_97,2.1730166,41.3830925
aoi_97,2.1725445,41.3837848
aoi_97,2.1722012,41.3836785
aoi_97,2.172008,41.3837429
aoi_97,2.1714287,41.3834853
aoi_97,2.1712785,41.3836302
aoi_97,2.1709781,41.3836141
aoi_97,2.1703343,41.3832921
aoi_97,2.1699696,41.3834692
aoi_97,2.1694975,41.3831794
aoi_97,2.169004,41.3830828
aoi_97,2.1687894,41.3828574
aoi_97,2.1685963,41.3826481
aoi_97,2.1681457,41.3824549
aoi_97,2.1687036,41.3818592
aoi_97,2.1693902,41.3821651
aoi_97,2.1697979,41.3823905
aoi_97,2.1700125,41.3823905
aoi_97,2.17027,41.3826481
aoi_97,2.1703343,41.3829218
aoi_97,2.1712356,41.38231
aoi_97,2.1715574,41.3824388
aoi_97,2.1722655,41.3826964
aoi_97,2.1730166,41.3830925
aoi_98,2.1703343,41.3819397
aoi_98,2.1705489,41.3816499
aoi_98,2.1708279,41.381827
aoi_98,2.1706133,41.3820685
aoi_98,2.1703343,41.3819397
aoi_99,2.1691971,41.3816821
aoi_99,2.1686177,41.381344
aoi_99,2.1688109,41.3811025
aoi_99,2.1689825,41.3811186
aoi_99,2.1693688,41.3809093
aoi_99,2.1692185,41.3808288
aoi_99,2.1694975,41.3805229
aoi_99,2.1688967,41.3803619
aoi_99,2.168489,41.3802491
aoi_99,2.1680598,41.380072
aoi_99,2.1677165,41.3798305
aoi_99,2.1679311,41.3797178
aoi_99,2.168253,41.3793958
aoi_99,2.1685748,41.3793958
aoi_99,2.1705918,41.3801364
aoi_99,2.1708493,41.3799915
aoi_99,2.1711068,41.3801686
aoi_99,2.1714287,41.3801847
aoi_99,2.1717076,41.3800076
aoi_99,2.1716862,41.3797178
aoi_99,2.1720295,41.3796051
aoi_99,2.1724372,41.3796534
aoi_99,2.1727805,41.3799593
aoi_99,2.1726732,41.3801847
aoi_99,2.1725016,41.3803941
aoi_99,2.1727162,41.3805712
aoi_99,2.1722655,41.3811508
aoi_99,2.1719437,41.3809898
aoi_99,2.1716647,41.3812152
aoi_99,2.171021,41.3810703
aoi_99,2.1707206,41.3810542
aoi_99,2.1701627,41.3816016
aoi_99,2.1698194,41.3815533
aoi_99,2.1694331,41.3814567
aoi_99,2.1691971,41.3816821
aoi_100,2.1670084,41.3729552
aoi_100,2.1673303,41.3729874
aoi_100,2.1672444,41.3731645
aoi_100,2.166987,41.3731645
aoi_100,2.1649914,41.373873
aoi_100,2.1638327,41.3742434
aoi_100,2.1640473,41.3749358
aoi_100,2.1633821,41.3749358
aoi_100,2.1629958,41.373873
aoi_100,2.1666007,41.3725526
aoi_100,2.1667724,41.3728586
aoi_100,2.1670084,41.3729552
aoi_101,2.1670084,41.3738247
aoi_101,2.1668582,41.3735993
aoi_101,2.1672015,41.3734866
aoi_101,2.1673303,41.3737603
aoi_101,2.1670084,41.3738247
aoi_102,2.1654452,41.3780594
aoi_102,2.1657885,41.3778018
aoi_102,2.1659173,41.3779789
aoi_102,2.1656598,41.378156
aoi_102,2.1654452,41.3780594
aoi_103,2.1603383,41.3814889
aoi_103,2.15948,41.3809093
aoi_103,2.1595873,41.3807161
aoi_103,2.1602739,41.3801364
aoi_103,2.160467,41.380233
aoi_103,2.1608104,41.3799754
aoi_103,2.1611322,41.3795568
aoi_103,2.1610249,41.379428
aoi_103,2.1612181,41.3792187
aoi_103,2.1614756,41.3793314
aoi_103,2.161776,41.3791382
aoi_103,2.1617545,41.378945
aoi_103,2.1614112,41.3789611
aoi_103,2.1611108,41.3786069
aoi_103,2.1613039,41.3783493
aoi_103,2.161733,41.3784137
aoi_103,2.1618403,41.3780916
aoi_103,2.1611966,41.3776891
aoi_103,2.1610035,41.3778501
aoi_103,2.1607031,41.3777052
aoi_103,2.1604241,41.3778984
aoi_103,2.1601881,41.3780272
aoi_103,2.1594371,41.377512
aoi_103,2.1599306,41.3771417
aoi_103,2.162012,41.3755476
aoi_103,2.1624411,41.3758214
aoi_103,2.1625913,41.3758375
aoi_103,2.1631707,41.375773
aoi_103,2.1634067,41.3763527
aoi_103,2.1632136,41.3764815
aoi_103,2.1636213,41.3766747
aoi_103,2.1639217,41.3766586
aoi_103,2.1648444,41.3773671
aoi_103,2.164544,41.3775442
aoi_103,2.1650375,41.3778823
aoi_103,2.1643294,41.3782527
aoi_103,2.1630849,41.3776247
aoi_103,2.1628918,41.3778984
aoi_103,2.1631063,41.3779467
aoi_103,2.1638574,41.3783815
aoi_103,2.1640719,41.3783171
aoi_103,2.1644153,41.3784298
aoi_103,2.1642221,41.3786391
aoi_103,2.166046,41.379106
aoi_103,2.1658958,41.3798466
aoi_103,2.1630634,41.3790577
aoi_103,2.1628274,41.3788323
aoi_103,2.1624197,41.3788001
aoi_103,2.1624197,41.3792187
aoi_103,2.1628274,41.3795729
aoi_103,2.1633209,41.3799432
aoi_103,2.1640076,41.3799915
aoi_103,2.164265,41.3802008
aoi_103,2.1642436,41.3806195
aoi_103,2.1639432,41.3807805
aoi_103,2.1632995,41.3808288
aoi_103,2.1620764,41.3817143
aoi_103,2.1613039,41.3811186
aoi_103,2.1611322,41.3812796
aoi_103,2.1607889,41.3811669
aoi_103,2.1603383,41.3814889
aoi_104,2.1278659,41.3584087
aoi_104,2.1280375,41.3580222
aoi_104,2.1278873,41.3579094
aoi_104,2.128574,41.3567659
aoi_104,2.132093,41.3593106
aoi_104,2.1305052,41.360438
aoi_104,2.1279303,41.3586503
aoi_104,2.1278659,41.3584087
aoi_105,2.1242572,41.3666866
aoi_105,2.1236779,41.36659
aoi_105,2.1239139,41.3662679
aoi_105,2.1243645,41.3663806
aoi_105,2.1242572,41.3666866
aoi_106,2.1265317,41.3679789
aoi_106,2.1265961,41.3674475
aoi_106,2.124386,41.3671255
aoi_106,2.1246435,41.3664974
aoi_106,2.1257163,41.3665618
aoi_106,2.1258665,41.3662719
aoi_106,2.1261026,41.3661753
aoi_106,2.1261026,41.3658854
aoi_106,2.126403,41.365193
aoi_106,2.1260811,41.3652091
aoi_106,2.1248795,41.3652735
aoi_106,2.1247078,41.3648548
aoi_106,2.1249439,41.3645327
aoi_106,2.1253086,41.364114
aoi_106,2.125137,41.3640012
aoi_106,2.1255876,41.3633571
aoi_106,2.1264674,41.3636792
aoi_106,2.1271111,41.3622297
aoi_106,2.1288062,41.3632926
aoi_106,2.1283127,41.3639207
aoi_106,2.1281196,41.3638402
aoi_106,2.1279694,41.3641301
aoi_106,2.1294285,41.3644039
aoi_106,2.1297933,41.36442
aoi_106,2.1303941,41.3646615
aoi_106,2.1308876,41.3647582
aoi_106,2.1309949,41.3650319
aoi_106,2.1312739,41.3652091
aoi_106,2.1310593,41.3654828
aoi_106,2.1314455,41.3659982
aoi_106,2.1309949,41.366288
aoi_106,2.130716,41.3659177
aoi_106,2.1300293,41.3666423
aoi_106,2.1282913,41.366127
aoi_106,2.1282269,41.3658854
aoi_106,2.1279694,41.3658854
aoi_106,2.1277119,41.3663686
aoi_106,2.1276046,41.3666906
aoi_106,2.1280767,41.3664974
aoi_106,2.1285488,41.3663364
aoi_106,2.1286346,41.3666745
aoi_106,2.1290637,41.3668195
aoi_106,2.1293641,41.3669
aoi_106,2.1288706,41.3677213
aoi_106,2.128184,41.3676569
aoi_106,2.1281411,41.3681078
aoi_106,2.1265317,41.3679789
aoi_107,2.1073919,41.3741465
aoi_107,2.1079284,41.3732931
aoi_107,2.1077782,41.3731804
aoi_107,2.107585,41.3733736
aoi_107,2.1071559,41.3734058
aoi_107,2.1065336,41.3737118
aoi_107,2.1058684,41.3733897
aoi_107,2.1059972,41.3730355
aoi_107,2.1060401,41.372794
aoi_107,2.1064692,41.3722304
aoi_107,2.1070915,41.3719888
aoi_107,2.1061259,41.3713769
aoi_107,2.1072203,41.370137
aoi_107,2.1078854,41.3705235
aoi_107,2.1080142,41.3703464
aoi_107,2.1077352,41.370137
aoi_107,2.1079713,41.3699599
aoi_107,2.1073705,41.3695734
aoi_107,2.1076494,41.3692674
aoi_107,2.1084863,41.3684301
aoi_107,2.1097093,41.3688166
aoi_107,2.111898,41.3685911
aoi_107,2.1116835,41.3688166
aoi_107,2.1125847,41.3687843
aoi_107,2.1124988,41.3692191
aoi_107,2.1135717,41.3698794
aoi_107,2.1145373,41.3704269
aoi_107,2.1116191,41.3727618
aoi_107,2.1112758,41.372649
aoi_107,2.1105033,41.3733253
aoi_107,2.1102458,41.3732287
aoi_107,2.1095377,41.3738406
aoi_107,2.108894,41.3733414
aoi_107,2.1079927,41.374533
aoi_107,2.1073919,41.3741465
aoi_108,2.097972,41.3779143
aoi_108,2.0970922,41.377383
aoi_108,2.0970493,41.3769804
aoi_108,2.0973283,41.3767872
aoi_108,2.0971566,41.3765296
aoi_108,2.0972854,41.3763203
aoi_108,2.0995813,41.3762398
aoi_108,2.099517,41.3776567
aoi_108,2.0985943,41.3776567
aoi_108,2.098251,41.3776889
aoi_108,2.097972,41.3779143
aoi_109,2.0960837,41.3729171
aoi_109,2.0961266,41.372273
aoi_109,2.0961696,41.3719671
aoi_109,2.0965558,41.3718222
aoi_109,2.0968347,41.3715001
aoi_109,2.0970493,41.3711136
aoi_109,2.0971352,41.3709365
aoi_109,2.0973926,41.3706628
aoi_109,2.0978003,41.3703568
aoi_109,2.0979935,41.3701636
aoi_109,2.0980793,41.3700347
aoi_109,2.0983368,41.3696644
aoi_109,2.0984226,41.3695516
aoi_109,2.0988303,41.3697127
aoi_109,2.0990878,41.3699703
aoi_109,2.0996242,41.3697449
aoi_109,2.1001178,41.3697127
aoi_109,2.1007186,41.3702119
aoi_109,2.1014911,41.3694067
aoi_109,2.102049,41.3696483
aoi_109,2.102521,41.3700992
aoi_109,2.1027356,41.3701636
aoi_109,2.1032935,41.3698415
aoi_109,2.1037227,41.3696805
aoi_109,2.1042806,41.3704856
aoi_109,2.1049243,41.3707272
aoi_109,2.1050745,41.3708721
aoi_109,2.1055895,41.3711942
aoi_109,2.1055466,41.3713713
aoi_109,2.1050316,41.3713874
aoi_109,2.1051818,41.3717738
aoi_109,2.1056324,41.3720315
aoi_109,2.104066,41.3728527
aoi_109,2.1035939,41.3727561
aoi_109,2.1026712,41.3727883
aoi_109,2.1020919,41.3731587
aoi_109,2.1019846,41.3734002
aoi_109,2.1014911,41.3733358
aoi_109,2.1006542,41.3732714
aoi_109,2.1001607,41.3729976
aoi_109,2.0997315,41.3734002
aoi_109,2.0994311,41.3730943
aoi_109,2.0990878,41.3730459
aoi_109,2.099002,41.3734163
aoi_109,2.0985299,41.3732553
aoi_109,2.0976287,41.3729976
aoi_109,2.0974141,41.3728688
aoi_109,2.0965129,41.3727883
aoi_109,2.0965129,41.3731426
aoi_109,2.0960623,41.3730781
aoi_109,2.0960837,41.3729171
aoi_110,2.0997113,41.3630313
aoi_110,2.100119,41.362371
aoi_110,2.0993036,41.3619845
aoi_110,2.0987028,41.3618718
aoi_110,2.0984882,41.3617429
aoi_110,2.0979303,41.3615497
aoi_110,2.0970291,41.3612437
aoi_110,2.097544,41.3605512
aoi_110,2.0982307,41.3607122
aoi_110,2.0987242,41.3610826
aoi_110,2.1000761,41.3614853
aoi_110,2.1007198,41.3614369
aoi_110,2.1010416,41.3609216
aoi_110,2.1005052,41.3607766
aoi_110,2.1008485,41.3602129
aoi_110,2.1002906,41.360068
aoi_110,2.1000761,41.360229
aoi_110,2.0995825,41.360068
aoi_110,2.0995182,41.3599391
aoi_110,2.0993465,41.3595526
aoi_110,2.098059,41.3595365
aoi_110,2.0982521,41.3589084
aoi_110,2.0980161,41.3587312
aoi_110,2.0984238,41.3580387
aoi_110,2.0986813,41.3581353
aoi_110,2.0991748,41.3578454
aoi_110,2.099604,41.3580064
aoi_110,2.0999044,41.3575716
aoi_110,2.10087,41.357781
aoi_110,2.1015137,41.3579259
aoi_110,2.1015781,41.3582964
aoi_110,2.1017497,41.3587151
aoi_110,2.1020072,41.3589084
aoi_110,2.1020287,41.359311
aoi_110,2.1023506,41.3594399
aoi_110,2.103917,41.360068
aoi_110,2.1056121,41.3604062
aoi_110,2.1052903,41.3611632
aoi_110,2.1062344,41.3612276
aoi_110,2.1068996,41.3610343
aoi_110,2.1081227,41.3615497
aoi_110,2.1081227,41.3617268
aoi_110,2.108466,41.3618074
aoi_110,2.1076721,41.3631602
aoi_110,2.1073717,41.3631763
aoi_110,2.106921,41.3636111
aoi_110,2.1071142,41.363756
aoi_110,2.1067279,41.3639332
aoi_110,2.1059555,41.3636755
aoi_110,2.106964,41.362065
aoi_110,2.1066421,41.3618718
aoi_110,2.1062344,41.3619684
aoi_110,2.106449,41.3621456
aoi_110,2.1055263,41.3635789
aoi_110,2.1047324,41.3635145
aoi_110,2.1042388,41.3634017
aoi_110,2.1046251,41.362677
aoi_110,2.1032089,41.3623871
aoi_110,2.1033805,41.3615819
aoi_110,2.101857,41.3612115
aoi_110,2.1015781,41.3616785
aoi_110,2.1012777,41.3622583
aoi_110,2.1014923,41.3623549
aoi_110,2.1012991,41.3625321
aoi_110,2.1015566,41.3627414
aoi_110,2.1011489,41.3632246
aoi_110,2.100591,41.3631602
aoi_110,2.1002906,41.3629991
aoi_110,2.1002048,41.3633212
aoi_110,2.0997113,41.3630313
aoi_111,2.1088308,41.3600036
aoi_111,2.1079725,41.3596653
aoi_111,2.1082943,41.359311
aoi_111,2.108702,41.3594077
aoi_111,2.1091956,41.3596976
aoi_111,2.1088308,41.3600036
aoi_112,2.0865761,41.3551597
aoi_112,2.0869409,41.3545638
aoi_112,2.086619,41.3544671
aoi_112,2.086898,41.3540645
aoi_112,2.0862328,41.3538229
aoi_112,2.0850741,41.353839
aoi_112,2.0850526,41.3540161
aoi_112,2.0846878,41.3538551
aoi_112,2.0843445,41.3534846
aoi_112,2.0847737,41.3526309
aoi_112,2.0852028,41.3526792
aoi_112,2.0853745,41.3524054
aoi_112,2.0865332,41.3525987
aoi_112,2.0872198,41.3513423
aoi_112,2.0881854,41.3516967
aoi_112,2.0874344,41.3527115
aoi_112,2.0878207,41.3528725
aoi_112,2.0880996,41.3525182
aoi_112,2.0888935,41.3529209
aoi_112,2.0884858,41.3534041
aoi_112,2.0900952,41.3538873
aoi_112,2.0895802,41.3548537
aoi_112,2.0891081,41.3546443
aoi_112,2.0886146,41.355498
aoi_112,2.0881425,41.3557879
aoi_112,2.0865761,41.3551597
aoi_113,2.0861513,41.3785863
aoi_113,2.0863015,41.3781355
aoi_113,2.0858938,41.3779262
aoi_113,2.0857006,41.3777168
aoi_113,2.0850784,41.3774109
aoi_113,2.0845634,41.3772982
aoi_113,2.0842415,41.3773304
aoi_113,2.0838124,41.377105
aoi_113,2.0838338,41.3764609
aoi_113,2.0845848,41.3765576
aoi_113,2.085529,41.3767025
aoi_113,2.0856792,41.3763643
aoi_113,2.0861298,41.376316
aoi_113,2.0864517,41.3763643
aoi_113,2.0865804,41.3761872
aoi_113,2.0860869,41.3756881
aoi_113,2.0859367,41.3758491
aoi_113,2.0851642,41.3756076
aoi_113,2.0855504,41.3746093
aoi_113,2.0842201,41.3727897
aoi_113,2.0846707,41.3718558
aoi_113,2.0859796,41.3720812
aoi_113,2.0861083,41.3719041
aoi_113,2.0852929,41.3716786
aoi_113,2.0860225,41.3703582
aoi_113,2.0875889,41.3708735
aoi_113,2.0871812,41.371421
aoi_113,2.0882326,41.3717108
aoi_113,2.0882112,41.3720168
aoi_113,2.0884258,41.3721617
aoi_113,2.0883829,41.3723066
aoi_113,2.0880181,41.3722905
aoi_113,2.0879966,41.3725804
aoi_113,2.0884258,41.3726448
aoi_113,2.0885974,41.3721617
aoi_113,2.0889193,41.3723388
aoi_113,2.0885116,41.3729507
aoi_113,2.0891339,41.3730957
aoi_113,2.0887047,41.3739491
aoi_113,2.0882756,41.3739169
aoi_113,2.0881683,41.3741745
aoi_113,2.0878035,41.3743677
aoi_113,2.0875031,41.3741584
aoi_113,2.0863658,41.3737719
aoi_113,2.0862156,41.3741423
aoi_113,2.0863873,41.3741584
aoi_113,2.0871168,41.3753499
aoi_113,2.0869666,41.3755915
aoi_113,2.0881039,41.3764609
aoi_113,2.0879322,41.3767347
aoi_113,2.0873529,41.376783
aoi_113,2.0872671,41.3769601
aoi_113,2.0879108,41.3768957
aoi_113,2.0881039,41.3770084
aoi_113,2.0886403,41.3769762
aoi_113,2.0887905,41.3771855
aoi_113,2.0875031,41.3774592
aoi_113,2.0875889,41.3777168
aoi_113,2.0892197,41.3775236
aoi_113,2.0889622,41.3779423
aoi_113,2.0878893,41.3781033
aoi_113,2.0877391,41.3779584
aoi_113,2.0873958,41.3779906
aoi_113,2.0871168,41.3781033
aoi_113,2.0869666,41.3784897
aoi_113,2.0869023,41.3787473
aoi_113,2.0868808,41.3790371
aoi_113,2.086795,41.3793108
aoi_113,2.0859796,41.3791981
aoi_113,2.0861513,41.3785863
aoi_114,2.1901431,41.3805371
aoi_114,2.1902504,41.3802795
aoi_114,2.1907225,41.3803439
aoi_114,2.1905937,41.3806176
aoi_114,2.1901431,41.3805371
